,source,target
0,Cambridge Mobile Telematics,Greensill
1,Cambridge Mobile Telematics,Ola Electric Mobility
2,Cambridge Mobile Telematics,Zymergen
3,Cambridge Mobile Telematics,OYO Rooms
4,Cambridge Mobile Telematics,QuintoAndar
5,Cambridge Mobile Telematics,Cohesity
6,Cambridge Mobile Telematics,Gympass
7,Cambridge Mobile Telematics,Delhivery
8,Cambridge Mobile Telematics,Auto1 Group
9,Cambridge Mobile Telematics,Fanatics
10,Cambridge Mobile Telematics,FirstCry
11,Cambridge Mobile Telematics,National Stock Exchange of India
12,Cambridge Mobile Telematics,Globality
13,Cambridge Mobile Telematics,Cybereason
14,Cambridge Mobile Telematics,Ola Cabs
15,Cambridge Mobile Telematics,Improbable
16,Cambridge Mobile Telematics,Kavak
17,Cambridge Mobile Telematics,Fair
18,Cambridge Mobile Telematics,Nuro
19,Hopin,Doctolib
20,Hopin,Zenefits
21,Hopin,SoFi
22,Hopin,Klaviyo
23,Hopin,Freshworks
24,Hopin,Klarna
25,Hopin,Dataminr
26,Hopin,Snyk
27,Hopin,Podium
28,Hopin,Chainalysis
29,Hopin,Checkr
30,Hopin,Circle Internet Financial
31,Hopin,Glossier
32,Hopin,Scale AI
33,Hopin,GoPuff
34,Hopin,Amplitude
35,Hopin,MessageBird
36,Hopin,Celonis
37,Hopin,Eightfold.ai
38,Hopin,Grammarly
39,Hopin,Vinted
40,Hopin,Netskope
41,Hopin,UiPath
42,Kaseya,Udemy
43,Kaseya,monday.com
44,Kaseya,OneTrust
45,Kaseya,Acronis
46,Kaseya,Vinted
47,Kaseya,Lightricks
48,Kaseya,Checkout.com
49,Kaseya,Postman
50,Talkdesk,wefox Group
51,Flywire,Niantic
52,Flywire,Sonder
53,Flywire,Cybereason
54,Flywire,Devoted Health
55,Flywire,GetYourGuide
56,Flywire,Carta
57,Warby Parker,Oscar Health
58,Warby Parker,Verkada
59,Warby Parker,Flexport
60,Warby Parker,Roblox
61,C2FO,Carta
62,C2FO,Coinbase
63,C2FO,Quizlet
64,C2FO,Duolingo
65,C2FO,Upgrade
66,AppLovin,GOAT
67,Via Transportation,Mirakl
68,Via Transportation,Payoneer
69,Via Transportation,Formlabs
70,Via Transportation,Thrasio
71,Via Transportation,Marqeta
72,Via Transportation,Graphcore
73,Via Transportation,AppsFlyer
74,Via Transportation,Celonis
75,Bird Rides,DoorDash
76,Bird Rides,Rappi
77,Bird Rides,Mu Sigma
78,Bird Rides,Faire
79,Bird Rides,reddit
80,Bird Rides,Zipline International
81,Bird Rides,MUSINSA
82,Bird Rides,Carbon
83,Bird Rides,Attentive Mobile
84,Bird Rides,Zomato
85,Bird Rides,Klarna
86,Bird Rides,Nubank
87,Bird Rides,Cohesity
88,Bird Rides,Coupang
89,Bird Rides,Thumbtack
90,Bird Rides,Houzz
91,Bird Rides,Verkada
92,Bird Rides,Kuaishou
93,Bird Rides,DJI Innovations
94,Bird Rides,Ola Cabs
95,Bird Rides,Confluent
96,Bird Rides,Druva
97,Bird Rides,Playco
98,Dingdong Maicai,Automation Anywhere
99,Dingdong Maicai,Greensill
100,Dingdong Maicai,Waterdrop
101,Dingdong Maicai,Poizon
102,Dingdong Maicai,Gymshark
103,Dingdong Maicai,Klarna
104,Dingdong Maicai,Vox Media
105,Dingdong Maicai,Mu Sigma
106,Dingdong Maicai,QuintoAndar
107,Dingdong Maicai,Red Ventures
108,Dingdong Maicai,Gympass
109,Dingdong Maicai,FlixBus
110,Dingdong Maicai,Mafengwo
111,Dingdong Maicai,Squarespace
112,Dingdong Maicai,Seismic
113,Dingdong Maicai,Nuro
114,Dingdong Maicai,NuCom Group
115,VIPKid,Mia.com
116,VIPKid,Airwallex
117,VIPKid,WeLab
118,VIPKid,Epic Games
119,VIPKid,Skydance Media
120,VIPKid,Yuanfudao
121,VIPKid,Krafton Game Union
122,VIPKid,Zhuan Zhuan
123,VIPKid,Bytedance
124,VIPKid,Poizon
125,VIPKid,Zuoyebang
126,VIPKid,ASR Microelectronics
127,VIPKid,Tubatu.com
128,VIPKid,100credit
129,VIPKid,Kuaigou Dache
130,VIPKid,Yijiupi
131,VIPKid,Miaoshou Doctor
132,VIPKid,Jiuxian
133,VIPKid,JOLLY Information Technology
134,VIPKid,Dxy.cn
135,VIPKid,Voodoo
136,VIPKid,Linklogis
137,VIPKid,Zhihu
138,VIPKid,Dream11
139,VIPKid,Canva
140,VIPKid,Waterdrop
141,VIPKid,Coocaa
142,VIPKid,BYTON
143,VIPKid,Discord
144,VIPKid,Momenta
145,VIPKid,Pony.ai
146,VIPKid,Yixia
147,VIPKid,Klook
148,VIPKid,Luoji Siwei
149,VIPKid,Bitmain Technologies
150,VIPKid,Leap Motor
151,VIPKid,BYJU's
152,VIPKid,4Paradigm
153,VIPKid,Chehaoduo
154,VIPKid,YITU Technology
155,VIPKid,SHEIN
156,VIPKid,Ziroom
157,VIPKid,Changingedu
158,VIPKid,SoundHound
159,Kujiale,Xiaohongshu
160,Kujiale,Jusfoun Big Data
161,Kujiale,SenseTime
162,Kujiale,Hello TransTech
163,Kujiale,WM Motor
164,Kujiale,Yuanfudao
165,Kujiale,Biren Techonology
166,Kujiale,Zuoyebang
167,Kujiale,Ibotta
168,Kujiale,Grab
169,Kujiale,FXiaoKe
170,Kujiale,Waterdrop
171,Kujiale,Wish
172,Kujiale,TuJia
173,Kujiale,Womai
174,Kujiale,Horizon Robotics
175,Kujiale,OfferUp
176,Kujiale,Pony.ai
177,Kujiale,Maimai
178,Kujiale,TERMINUS Technology
179,Kujiale,Zhubajie
180,Kujiale,Bitmain Technologies
181,Kujiale,Ripple
182,Kujiale,Zhaogang
183,Kujiale,Keep
184,Kujiale,Changingedu
185,Kujiale,Liquid
186,Mafengwo,Greensill
187,Mafengwo,Mu Sigma
188,Mafengwo,Red Ventures
189,Mafengwo,Squarespace
190,Mafengwo,Automation Anywhere
191,Mafengwo,Klarna
192,Mafengwo,Gympass
193,Mafengwo,Tuhu
194,Mafengwo,Miaoshou Doctor
195,Mafengwo,Unisound
196,Mafengwo,Seismic
197,Mafengwo,NuCom Group
198,Mafengwo,Zhihu
199,Mafengwo,XiaoZhu
200,Mafengwo,Gymshark
201,Mafengwo,Vox Media
202,Mafengwo,FlixBus
203,Mafengwo,UBTECH Robotics
204,Mafengwo,Luoji Siwei
205,Mafengwo,Wacai
206,Mafengwo,QuintoAndar
207,Snyk,Robinhood
208,Snyk,Doctolib
209,Snyk,StockX
210,Snyk,Toast
211,Snyk,Zipline International
212,Snyk,Carbon
213,Snyk,Rani Therapeutics
214,Snyk,Klaviyo
215,Snyk,Podium
216,Snyk,Gusto
217,Snyk,Chainalysis
218,Snyk,Checkr
219,Snyk,Dialpad
220,Snyk,Circle Internet Financial
221,Snyk,Turo
222,Snyk,Scale AI
223,Snyk,UiPath
224,Snyk,GoPuff
225,Snyk,Farmers Business Network
226,Snyk,Celonis
227,Snyk,MessageBird
228,Snyk,KeepTruckin
229,Snyk,GitLab
230,Snyk,Vinted
231,Snyk,Netskope
232,Snyk,23andMe
233,Snyk,Freshworks
234,Aihuishou,SouChe Holdings
235,Aihuishou,Xinchao Media
236,Aihuishou,XiaoZhu
237,We Doctor,Xiaohongshu
238,We Doctor,Lianjia
239,We Doctor,Koudai
240,We Doctor,iCarbonX
241,We Doctor,Hike
242,We Doctor,WM Motor
243,Automattic,Docker
244,Automattic,Lookout
245,Automattic,Nextdoor
246,Automattic,BlaBlaCar
247,Automattic,ezCater
248,Automattic,WalkMe
249,Automattic,Calm
250,Checkr,Doctolib
251,Checkr,Allbirds
252,Checkr,reddit
253,Checkr,Quora
254,Checkr,Klaviyo
255,Checkr,Podium
256,Checkr,Razorpay
257,Checkr,Chainalysis
258,Checkr,Circle Internet Financial
259,Checkr,Scale AI
260,Checkr,UiPath
261,Checkr,GoPuff
262,Checkr,OfferUp
263,Checkr,MessageBird
264,Checkr,Ginkgo BioWorks
265,Checkr,Celonis
266,Checkr,Trumid
267,Checkr,Vinted
268,Checkr,Netskope
269,Checkr,Rippling
270,Checkr,Convoy
271,Checkr,Coinbase
272,Checkr,Freshworks
273,Icertis,Deposit Solutions
274,Icertis,Scopely
275,TransferWise,DataRobot
276,TransferWise,Zenefits
277,TransferWise,DigitalOcean
278,TransferWise,Buzzfeed
279,TransferWise,Dave
280,ServiceTitan,Pendo
281,ServiceTitan,InVision
282,ServiceTitan,Procore
283,ServiceTitan,StockX
284,ServiceTitan,Toast
285,ServiceTitan,ezCater
286,ServiceTitan,Collibra
287,ServiceTitan,Sprinklr
288,ServiceTitan,HighRadius
289,ServiceTitan,Guild Education
290,ServiceTitan,ACV Auctions
291,ServiceTitan,Databricks
292,ServiceTitan,Amplitude
293,ServiceTitan,GitLab
294,ServiceTitan,Auth0
295,ServiceTitan,Bright Health
296,ServiceTitan,Sisense
297,ServiceTitan,BigBasket
298,ServiceTitan,Omio
299,ServiceTitan,Sila Nanotechnologies
300,ServiceTitan,Rocket Lab
301,ServiceTitan,Toss
302,ServiceTitan,Wildlife Studios
303,ServiceTitan,Starry
304,Coursera,Intarcia Therapeutics
305,Coursera,Better.com
306,Coursera,Koudai
307,Coursera,Buzzfeed
308,Coursera,Tempus
309,Coursera,Automation Anywhere
310,Coursera,Tuya Smart
311,Coursera,InMobi
312,Coursera,Uptake
313,Coursera,Instabase
314,Coursera,Duolingo
315,Coursera,Gusto
316,Coursera,Rent the Runway
317,Coursera,Instacart
318,Coursera,Databricks
319,Coursera,Yixia
320,Coursera,Branch
321,Coursera,Houzz
322,Coursera,DataRobot
323,Coursera,Bright Health
324,Coursera,LinkDoc Technology
325,Coursera,Omio
326,Coursera,XANT
327,Coursera,Toss
328,Coursera,Rippling
329,Coursera,23andMe
330,Coursera,Qumulo
331,Coursera,Figma
332,Postman,Udemy
333,Postman,monday.com
334,Postman,OneTrust
335,Postman,Acronis
336,Postman,Unacademy
337,Postman,Vinted
338,Postman,Cybereason
339,Postman,Lightricks
340,Postman,Checkout.com
341,Postman,Druva
342,Postman,Delhivery
343,Postman,Airtable
344,Postman,Patreon
345,Thumbtack,DoorDash
346,Thumbtack,Rappi
347,Thumbtack,Mu Sigma
348,Thumbtack,Faire
349,Thumbtack,reddit
350,Thumbtack,Zipline International
351,Thumbtack,MUSINSA
352,Thumbtack,Carbon
353,Thumbtack,Attentive Mobile
354,Thumbtack,Zomato
355,Thumbtack,Klarna
356,Thumbtack,Nubank
357,Thumbtack,Cohesity
358,Thumbtack,Coupang
359,Thumbtack,Houzz
360,Thumbtack,Verkada
361,Thumbtack,Kuaishou
362,Thumbtack,DJI Innovations
363,Thumbtack,Ola Cabs
364,Thumbtack,Confluent
365,Thumbtack,Druva
366,Thumbtack,Playco
367,Thumbtack,Avant
368,Klook,Mia.com
369,Klook,FlashEx
370,Klook,Airwallex
371,Klook,WeLab
372,Klook,Yiguo
373,Klook,KK Group
374,Klook,Rubicon Global
375,Klook,Automation Anywhere
376,Klook,Bytedance
377,Klook,Poizon
378,Klook,Zuoyebang
379,Klook,ASR Microelectronics
380,Klook,Tubatu.com
381,Klook,100credit
382,Klook,Kuaigou Dache
383,Klook,Dataminr
384,Klook,Northvolt
385,Klook,Miaoshou Doctor
386,Klook,Jiuxian
387,Klook,JOLLY Information Technology
388,Klook,Voodoo
389,Klook,SMS Assist
390,Klook,Canva
391,Klook,Infinidat
392,Klook,Lightricks
393,Klook,ZocDoc
394,Klook,Momenta
395,Klook,Pony.ai
396,Klook,Symphony
397,Klook,Yixia
398,Klook,Luoji Siwei
399,Klook,Bitmain Technologies
400,Klook,Leap Motor
401,Klook,Acronis
402,Klook,GPclub
403,Klook,4Paradigm
404,Klook,ReNew Power
405,Klook,Chehaoduo
406,Klook,YITU Technology
407,Klook,SHEIN
408,Klook,Ziroom
409,Klook,Changingedu
410,Klook,Zhaogang
411,Klook,VAST Data
412,Xinchao Media,Kuaishou
413,Xinchao Media,Coocaa
414,Xinchao Media,HuJiang
415,Xinchao Media,Lianjia
416,Xinchao Media,Womai
417,Yello Mobile,Illumio
418,BYJU's,Unacademy
419,BYJU's,Airwallex
420,BYJU's,Tokopedia
421,BYJU's,Epic Games
422,BYJU's,Skydance Media
423,BYJU's,Gojek
424,BYJU's,Yuanfudao
425,BYJU's,Krafton Game Union
426,BYJU's,Zhuan Zhuan
427,BYJU's,OYO Rooms
428,BYJU's,Yijiupi
429,BYJU's,Dxy.cn
430,BYJU's,Miaoshou Doctor
431,BYJU's,Voodoo
432,BYJU's,Linklogis
433,BYJU's,Zhihu
434,BYJU's,Dream11
435,BYJU's,Waterdrop
436,BYJU's,Coocaa
437,BYJU's,BYTON
438,BYJU's,Discord
439,BYJU's,Momenta
440,BYJU's,Luoji Siwei
441,BYJU's,SoundHound
442,Rocket Lab,Stripe
443,Rocket Lab,DoorDash
444,Rocket Lab,Procore
445,Rocket Lab,Toast
446,Rocket Lab,Faire
447,Rocket Lab,Katerra
448,Rocket Lab,Oscar Health
449,Rocket Lab,Impossible Foods
450,Rocket Lab,Just
451,Rocket Lab,Guild Education
452,Rocket Lab,Affirm
453,Rocket Lab,ACV Auctions
454,Rocket Lab,ZocDoc
455,Rocket Lab,Instacart
456,Rocket Lab,ThoughtSpot
457,Rocket Lab,GitLab
458,Rocket Lab,Auth0
459,Rocket Lab,Bright Health
460,Rocket Lab,BigBasket
461,Rocket Lab,Sila Nanotechnologies
462,Rocket Lab,Wildlife Studios
463,Rocket Lab,Toss
464,Rocket Lab,Rubrik
465,Rocket Lab,Starry
466,Unacademy,Tokopedia
467,Unacademy,OYO Rooms
468,Unacademy,Gojek
469,Unacademy,Druva
470,Unacademy,Delhivery
471,Cato Networks,Blend
472,Cato Networks,Lookout
473,Cato Networks,Actifio
474,Cato Networks,Sonder
475,Cato Networks,Lyra Health
476,Cato Networks,Discord
477,Cato Networks,Aurora
478,Cato Networks,Convoy
479,Cato Networks,Instabase
480,Cato Networks,Docker
481,Cato Networks,Rubrik
482,Cato Networks,Nuro
483,Cato Networks,Figma
484,DoorDash,Stripe
485,DoorDash,Rappi
486,DoorDash,Mu Sigma
487,DoorDash,Faire
488,DoorDash,Katerra
489,DoorDash,Oscar Health
490,DoorDash,reddit
491,DoorDash,Zipline International
492,DoorDash,MUSINSA
493,DoorDash,Carbon
494,DoorDash,Bytedance
495,DoorDash,Attentive Mobile
496,DoorDash,Manbang Group
497,DoorDash,Klarna
498,DoorDash,Zomato
499,DoorDash,Impossible Foods
500,DoorDash,Nubank
501,DoorDash,Cohesity
502,DoorDash,Grab
503,DoorDash,Just
504,DoorDash,Affirm
505,DoorDash,ZocDoc
506,DoorDash,Zume
507,DoorDash,Instacart
508,DoorDash,GoPuff
509,DoorDash,Coupang
510,DoorDash,ThoughtSpot
511,DoorDash,GitLab
512,DoorDash,Houzz
513,DoorDash,Verkada
514,DoorDash,Kuaishou
515,DoorDash,DJI Innovations
516,DoorDash,Ola Cabs
517,DoorDash,Confluent
518,DoorDash,Druva
519,DoorDash,Alto Pharmacy
520,DoorDash,Playco
521,DoorDash,Rubrik
522,Tempus,DataRobot
523,Tempus,Bright Health
524,Tempus,Automation Anywhere
525,Tempus,Tuya Smart
526,Tempus,LinkDoc Technology
527,Tempus,Omio
528,Tempus,Intarcia Therapeutics
529,Tempus,Uptake
530,Tempus,Instabase
531,Tempus,Koudai
532,Tempus,23andMe
533,Tempus,Buzzfeed
534,Tempus,Databricks
535,Tempus,Duolingo
536,Tempus,Branch
537,Tempus,Houzz
538,Jusfoun Big Data,Bitmain Technologies
539,Jusfoun Big Data,Biren Techonology
540,Jusfoun Big Data,Waterdrop
541,Jusfoun Big Data,Ripple
542,Jusfoun Big Data,SenseTime
543,Jusfoun Big Data,Womai
544,Jusfoun Big Data,Zhubajie
545,Jusfoun Big Data,Pony.ai
546,Jusfoun Big Data,Maimai
547,Jusfoun Big Data,FXiaoKe
548,Jusfoun Big Data,TERMINUS Technology
549,Jusfoun Big Data,Changingedu
550,Jusfoun Big Data,Zhaogang
551,Jusfoun Big Data,Yuanfudao
552,Jusfoun Big Data,Liquid
553,KK Group,FlashEx
554,KK Group,ASR Microelectronics
555,KK Group,Tubatu.com
556,KK Group,Zhaogang
557,Zymergen,Greensill
558,Zymergen,Ola Electric Mobility
559,Zymergen,OYO Rooms
560,Zymergen,Nuro
561,Zymergen,Cohesity
562,Zymergen,QuintoAndar
563,Zymergen,Gympass
564,Zymergen,Delhivery
565,Zymergen,Illumio
566,Zymergen,HashiCorp
567,Zymergen,Auto1 Group
568,Zymergen,Fanatics
569,Zymergen,SentinelOne
570,Zymergen,FirstCry
571,Zymergen,Ginkgo BioWorks
572,Zymergen,National Stock Exchange of India
573,Zymergen,Orca Bio
574,Zymergen,Globality
575,Zymergen,Cybereason
576,Zymergen,Ola Cabs
577,Zymergen,Kavak
578,Zymergen,Fair
579,Zymergen,Improbable
580,Niantic,Sonder
581,Niantic,Cybereason
582,Niantic,GetYourGuide
583,Niantic,Carta
584,Niantic,Symphony
585,Manbang Group,Bytedance
586,Manbang Group,Zume
587,Manbang Group,GoPuff
588,Manbang Group,Grab
589,Manbang Group,Alto Pharmacy
590,Quora,Didi Chuxing
591,Quora,Canva
592,Quora,Amplitude
593,Quora,Sila Nanotechnologies
594,Quora,Discord
595,Quora,Wildlife Studios
596,Quora,Rippling
597,Quora,Scale AI
598,Quora,TechStyle Fashion Group
599,Quora,Confluent
600,Quora,Convoy
601,Quora,Coinbase
602,Quora,Razorpay
603,Quora,MessageBird
604,Quora,Ginkgo BioWorks
605,Quora,reddit
606,Quora,FiveTran
607,OVH,OutSystems
608,OVH,Darktrace
609,OVH,Ivalua
610,OVH,o9 Solutions
611,OVH,Epic Games
612,OVH,58 Daojia
613,OVH,Yiguo
614,OVH,KnowBe4
615,Grab,Xiaohongshu
616,Grab,Bytedance
617,Grab,Wish
618,Grab,Zuoyebang
619,Grab,TuJia
620,Grab,Zume
621,Grab,OfferUp
622,Grab,GoPuff
623,Grab,Ibotta
624,Grab,Alto Pharmacy
625,Grab,Keep
626,Grab,Hello TransTech
627,Podium,Robinhood
628,Podium,Doctolib
629,Podium,StockX
630,Podium,Toast
631,Podium,Zipline International
632,Podium,Carbon
633,Podium,Rani Therapeutics
634,Podium,Klaviyo
635,Podium,Freshworks
636,Podium,Gusto
637,Podium,Chainalysis
638,Podium,Dialpad
639,Podium,Circle Internet Financial
640,Podium,Turo
641,Podium,Scale AI
642,Podium,GoPuff
643,Podium,MessageBird
644,Podium,Celonis
645,Podium,Farmers Business Network
646,Podium,KeepTruckin
647,Podium,GitLab
648,Podium,Vinted
649,Podium,Netskope
650,Podium,Darktrace
651,Podium,23andMe
652,Podium,UiPath
653,Snapdeal,Easyhome
654,Snapdeal,KnowBox
655,Snapdeal,Roivant Sciences
656,Snapdeal,DT Dream
657,Snapdeal,BigBasket
658,Snapdeal,TangoMe
659,Snapdeal,Tokopedia
660,Snapdeal,One97 Communications
661,Snapdeal,Yiguo
662,Snapdeal,58 Daojia
663,Snapdeal,Sema4
664,Snapdeal,SenseTime
665,Snapdeal,Farmers Business Network
666,Snapdeal,Meizu Technology
667,Snapdeal,Unqork
668,Unisound,Innovium
669,Unisound,Loggi
670,Unisound,TangoMe
671,Unisound,Toss
672,Unisound,Wacai
673,Unisound,Magic Leap
674,Unisound,Tuhu
675,Unisound,Miaoshou Doctor
676,Unisound,Zhihu
677,Unisound,UBTECH Robotics
678,Unisound,Luoji Siwei
679,UiPath,Stripe
680,UiPath,Doctolib
681,UiPath,Unqork
682,UiPath,Dataiku
683,UiPath,Klaviyo
684,UiPath,Duolingo
685,UiPath,Chainalysis
686,UiPath,Circle Internet Financial
687,UiPath,Scale AI
688,UiPath,GoPuff
689,UiPath,MessageBird
690,UiPath,Celonis
691,UiPath,wefox Group
692,UiPath,Vinted
693,UiPath,Netskope
694,UiPath,Convoy
695,UiPath,Freshworks
696,GoPuff,Doctolib
697,GoPuff,Bytedance
698,GoPuff,Klaviyo
699,GoPuff,Freshworks
700,GoPuff,Chainalysis
701,GoPuff,ApplyBoard
702,GoPuff,Circle Internet Financial
703,GoPuff,Zume
704,GoPuff,Scale AI
705,GoPuff,MessageBird
706,GoPuff,Celonis
707,GoPuff,Vinted
708,GoPuff,Netskope
709,GoPuff,Alto Pharmacy
710,Innovium,Loggi
711,Innovium,TangoMe
712,Innovium,Toss
713,Innovium,Magic Leap
714,Age of Learning,Procore
715,MediaMath,Loft
716,Wacai,Payoneer
717,Wacai,Tuhu
718,Wacai,Miaoshou Doctor
719,Wacai,Zhihu
720,Wacai,JOLLY Information Technology
721,Wacai,UBTECH Robotics
722,Wacai,Luoji Siwei
723,Ziroom,Rivigo
724,Ziroom,Mia.com
725,Ziroom,Applied Intuition
726,Ziroom,Airwallex
727,Ziroom,WeLab
728,Ziroom,Gojek
729,Ziroom,Zhangmen
730,Ziroom,FiveTran
731,Ziroom,Deliveroo
732,Ziroom,Cazoo
733,Ziroom,Bytedance
734,Ziroom,Poizon
735,Ziroom,SouChe Holdings
736,Ziroom,Zuoyebang
737,Ziroom,ASR Microelectronics
738,Ziroom,Tubatu.com
739,Ziroom,100credit
740,Ziroom,Kuaigou Dache
741,Ziroom,Miaoshou Doctor
742,Ziroom,Jiuxian
743,Ziroom,JOLLY Information Technology
744,Ziroom,Ro
745,Ziroom,Canva
746,Ziroom,Circle Internet Financial
747,Ziroom,Momenta
748,Ziroom,Pony.ai
749,Ziroom,Geek+
750,Ziroom,Yixia
751,Ziroom,Eightfold.ai
752,Ziroom,Grammarly
753,Ziroom,Luoji Siwei
754,Ziroom,Bitmain Technologies
755,Ziroom,Rapyd
756,Ziroom,Leap Motor
757,Ziroom,Mofang Living
758,Ziroom,ClassPass
759,Ziroom,Samsara Networks
760,Ziroom,4Paradigm
761,Ziroom,Chehaoduo
762,Ziroom,YITU Technology
763,Ziroom,SHEIN
764,Ziroom,Changingedu
765,Whoop,Attentive Mobile
766,Whoop,Grove Collaborative
767,Samsara Networks,Robinhood
768,Samsara Networks,Anduril
769,Samsara Networks,Applied Intuition
770,Samsara Networks,Rappi
771,Samsara Networks,Tanium
772,Samsara Networks,DigitalOcean
773,Samsara Networks,FiveTran
774,Samsara Networks,Deliveroo
775,Samsara Networks,Cazoo
776,Samsara Networks,Ro
777,Samsara Networks,Instabase
778,Samsara Networks,Affirm
779,Samsara Networks,Dialpad
780,Samsara Networks,Circle Internet Financial
781,Samsara Networks,Fanatics
782,Samsara Networks,Databricks
783,Samsara Networks,OfferUp
784,Samsara Networks,Eightfold.ai
785,Samsara Networks,Grammarly
786,Samsara Networks,Airbnb
787,Samsara Networks,Rapyd
788,Samsara Networks,Apeel Sciences
789,Samsara Networks,ClassPass
790,Samsara Networks,Devoted Health
791,Samsara Networks,Loft
792,Samsara Networks,TripActions
793,Samsara Networks,Improbable
794,Samsara Networks,Magic Leap
795,Udemy,monday.com
796,Udemy,OneTrust
797,Udemy,Acronis
798,Udemy,Vinted
799,Udemy,Swiggy
800,Udemy,Lightricks
801,Udemy,Kendra Scott
802,Udemy,Gong
803,Udemy,Checkout.com
804,Udemy,Dave
805,Udemy,Knotel
806,Udemy,Grove Collaborative
807,Udemy,VAST Data
808,Better.com,Rent the Runway
809,Better.com,InMobi
810,Better.com,XANT
811,Better.com,Toss
812,Better.com,Rippling
813,Better.com,Instacart
814,Better.com,Qumulo
815,Better.com,Yixia
816,Better.com,Gusto
817,Better.com,Figma
818,Vice Media,Mollie
819,Vice Media,Actifio
820,Cazoo,Rapyd
821,Cazoo,ClassPass
822,Cazoo,Applied Intuition
823,Cazoo,Grammarly
824,Cazoo,Circle Internet Financial
825,Cazoo,Ro
826,Cazoo,FiveTran
827,Cazoo,Eightfold.ai
828,Cazoo,Deliveroo
829,Royole Corporation,BeiBei
830,Rani Therapeutics,Robinhood
831,Rani Therapeutics,Carbon
832,Rani Therapeutics,Dialpad
833,Rani Therapeutics,Turo
834,Rani Therapeutics,StockX
835,Rani Therapeutics,Toast
836,Rani Therapeutics,Zipline International
837,Rani Therapeutics,23andMe
838,Rani Therapeutics,Farmers Business Network
839,Rani Therapeutics,KeepTruckin
840,Rani Therapeutics,GitLab
841,Rani Therapeutics,Gusto
842,OYO Rooms,Greensill
843,OYO Rooms,Ola Electric Mobility
844,OYO Rooms,Tokopedia
845,OYO Rooms,Gojek
846,OYO Rooms,QuintoAndar
847,OYO Rooms,Cohesity
848,OYO Rooms,Gympass
849,OYO Rooms,Delhivery
850,OYO Rooms,Auto1 Group
851,OYO Rooms,Fanatics
852,OYO Rooms,FirstCry
853,OYO Rooms,National Stock Exchange of India
854,OYO Rooms,Globality
855,OYO Rooms,Cybereason
856,OYO Rooms,Ola Cabs
857,OYO Rooms,Improbable
858,OYO Rooms,Kavak
859,OYO Rooms,Fair
860,OYO Rooms,Nuro
861,ASR Microelectronics,Mia.com
862,ASR Microelectronics,Airwallex
863,ASR Microelectronics,WeLab
864,ASR Microelectronics,Bytedance
865,ASR Microelectronics,Poizon
866,ASR Microelectronics,Zuoyebang
867,ASR Microelectronics,Tubatu.com
868,ASR Microelectronics,100credit
869,ASR Microelectronics,Kuaigou Dache
870,ASR Microelectronics,Miaoshou Doctor
871,ASR Microelectronics,Jiuxian
872,ASR Microelectronics,JOLLY Information Technology
873,ASR Microelectronics,Canva
874,ASR Microelectronics,Horizon Robotics
875,ASR Microelectronics,Momenta
876,ASR Microelectronics,Pony.ai
877,ASR Microelectronics,Yixia
878,ASR Microelectronics,Luoji Siwei
879,ASR Microelectronics,Bitmain Technologies
880,ASR Microelectronics,Leap Motor
881,ASR Microelectronics,4Paradigm
882,ASR Microelectronics,Chehaoduo
883,ASR Microelectronics,YITU Technology
884,ASR Microelectronics,SHEIN
885,ASR Microelectronics,Changingedu
886,Checkout.com,monday.com
887,Checkout.com,OneTrust
888,Checkout.com,Robinhood
889,Checkout.com,Rappi
890,Checkout.com,Airwallex
891,Checkout.com,StockX
892,Checkout.com,Udaan
893,Checkout.com,Poizon
894,Checkout.com,Cars24
895,Checkout.com,17zuoye
896,Checkout.com,Lightricks
897,Checkout.com,Revolut
898,Checkout.com,Acronis
899,Checkout.com,Vinted
900,Checkout.com,Brex
901,Checkout.com,Kavak
902,Forter,KeepTruckin
903,Tuhu,Miaoshou Doctor
904,Tuhu,Zhihu
905,Tuhu,UBTECH Robotics
906,Tuhu,Luoji Siwei
907,Linklogis,Airwallex
908,Linklogis,Epic Games
909,Linklogis,Skydance Media
910,Linklogis,Yuanfudao
911,Linklogis,Krafton Game Union
912,Linklogis,Zhuan Zhuan
913,Linklogis,Yijiupi
914,Linklogis,Dxy.cn
915,Linklogis,Miaoshou Doctor
916,Linklogis,Voodoo
917,Linklogis,Zhihu
918,Linklogis,Dream11
919,Linklogis,Waterdrop
920,Linklogis,Coocaa
921,Linklogis,BYTON
922,Linklogis,Discord
923,Linklogis,Momenta
924,Linklogis,Luoji Siwei
925,Linklogis,Keep
926,Linklogis,SoundHound
927,NuCom Group,Automation Anywhere
928,NuCom Group,Greensill
929,NuCom Group,Gymshark
930,NuCom Group,Klarna
931,NuCom Group,Vox Media
932,NuCom Group,Mu Sigma
933,NuCom Group,Red Ventures
934,NuCom Group,Gympass
935,NuCom Group,FlixBus
936,NuCom Group,Squarespace
937,NuCom Group,Seismic
938,NuCom Group,QuintoAndar
939,Affirm,Robinhood
940,Affirm,Stripe
941,Affirm,Anduril
942,Affirm,Applied Intuition
943,Affirm,Rappi
944,Affirm,Tanium
945,Affirm,DigitalOcean
946,Affirm,Faire
947,Affirm,FiveTran
948,Affirm,Katerra
949,Affirm,Oscar Health
950,Affirm,Impossible Foods
951,Affirm,Just
952,Affirm,Instabase
953,Affirm,Dialpad
954,Affirm,ZocDoc
955,Affirm,Fanatics
956,Affirm,Instacart
957,Affirm,Databricks
958,Affirm,OfferUp
959,Affirm,ThoughtSpot
960,Affirm,GitLab
961,Affirm,Airbnb
962,Affirm,Apeel Sciences
963,Affirm,Devoted Health
964,Affirm,Loft
965,Affirm,TripActions
966,Affirm,Rubrik
967,Affirm,Improbable
968,Affirm,Magic Leap
969,XiaoZhu,SouChe Holdings
970,Rent the Runway,ACV Auctions
971,Rent the Runway,InMobi
972,Rent the Runway,XANT
973,Rent the Runway,Toss
974,Rent the Runway,Rippling
975,Rent the Runway,Instacart
976,Rent the Runway,Qumulo
977,Rent the Runway,Yixia
978,Rent the Runway,Redis Labs
979,Rent the Runway,Gusto
980,Rent the Runway,Figma
981,ZocDoc,Stripe
982,ZocDoc,Anduril
983,ZocDoc,Faire
984,ZocDoc,Yiguo
985,ZocDoc,Katerra
986,ZocDoc,Oscar Health
987,ZocDoc,RigUp
988,ZocDoc,Rubicon Global
989,ZocDoc,Automation Anywhere
990,ZocDoc,Impossible Foods
991,ZocDoc,Northvolt
992,ZocDoc,Dataminr
993,ZocDoc,Just
994,ZocDoc,Voodoo
995,ZocDoc,Compass
996,ZocDoc,SMS Assist
997,ZocDoc,Flexport
998,ZocDoc,Wish
999,ZocDoc,Infinidat
1000,ZocDoc,Lightricks
1001,ZocDoc,Instacart
1002,ZocDoc,Symphony
1003,ZocDoc,ThoughtSpot
1004,ZocDoc,GitLab
1005,ZocDoc,Roivant Sciences
1006,ZocDoc,Acronis
1007,ZocDoc,GPclub
1008,ZocDoc,SpaceX
1009,ZocDoc,ReNew Power
1010,ZocDoc,Rubrik
1011,ZocDoc,VAST Data
1012,OfferUp,Robinhood
1013,OfferUp,Xiaohongshu
1014,OfferUp,Allbirds
1015,OfferUp,Anduril
1016,OfferUp,Applied Intuition
1017,OfferUp,Rappi
1018,OfferUp,Tanium
1019,OfferUp,DigitalOcean
1020,OfferUp,FiveTran
1021,OfferUp,Hello TransTech
1022,OfferUp,Keep
1023,OfferUp,Zuoyebang
1024,OfferUp,Ibotta
1025,OfferUp,Instabase
1026,OfferUp,Dialpad
1027,OfferUp,Wish
1028,OfferUp,TuJia
1029,OfferUp,Fanatics
1030,OfferUp,Databricks
1031,OfferUp,Airbnb
1032,OfferUp,Trumid
1033,OfferUp,Apeel Sciences
1034,OfferUp,Devoted Health
1035,OfferUp,Loft
1036,OfferUp,TripActions
1037,OfferUp,Improbable
1038,OfferUp,Magic Leap
1039,KnowBe4,OutSystems
1040,KnowBe4,o9 Solutions
1041,KnowBe4,Darktrace
1042,KnowBe4,Ivalua
1043,KnowBe4,Epic Games
1044,KnowBe4,58 Daojia
1045,KnowBe4,Yiguo
1046,Away,Glossier
1047,Away,Vox Media
1048,Away,Meero
1049,Away,Faire
1050,Away,Hippo
1051,Away,Traveloka
1052,Away,Chime
1053,Away,Houzz
1054,Acronis,monday.com
1055,Acronis,OneTrust
1056,Acronis,Yiguo
1057,Acronis,Rubicon Global
1058,Acronis,Automation Anywhere
1059,Acronis,Northvolt
1060,Acronis,Dataminr
1061,Acronis,Voodoo
1062,Acronis,SMS Assist
1063,Acronis,Infinidat
1064,Acronis,Lightricks
1065,Acronis,Symphony
1066,Acronis,Vinted
1067,Acronis,GPclub
1068,Acronis,ReNew Power
1069,Acronis,VAST Data
1070,SpaceX,Flexport
1071,SpaceX,Roivant Sciences
1072,SpaceX,Anduril
1073,SpaceX,Wish
1074,SpaceX,Just
1075,SpaceX,Compass
1076,SpaceX,RigUp
1077,Chehaoduo,Mia.com
1078,Chehaoduo,Airwallex
1079,Chehaoduo,WeLab
1080,Chehaoduo,Bytedance
1081,Chehaoduo,Poizon
1082,Chehaoduo,Zuoyebang
1083,Chehaoduo,Tubatu.com
1084,Chehaoduo,100credit
1085,Chehaoduo,Kuaigou Dache
1086,Chehaoduo,Miaoshou Doctor
1087,Chehaoduo,Jiuxian
1088,Chehaoduo,JOLLY Information Technology
1089,Chehaoduo,Canva
1090,Chehaoduo,Momenta
1091,Chehaoduo,Pony.ai
1092,Chehaoduo,Yixia
1093,Chehaoduo,Luoji Siwei
1094,Chehaoduo,Bitmain Technologies
1095,Chehaoduo,Leap Motor
1096,Chehaoduo,4Paradigm
1097,Chehaoduo,YITU Technology
1098,Chehaoduo,SHEIN
1099,Chehaoduo,Changingedu
1100,Figma,BlaBlaCar
1101,Figma,Squarespace
1102,Figma,Deliveroo
1103,Figma,Actifio
1104,Figma,Sonder
1105,Figma,InMobi
1106,Figma,Collibra
1107,Figma,Instabase
1108,Figma,Gusto
1109,Figma,Tekion
1110,Figma,Discord
1111,Figma,Aurora
1112,Figma,Scale AI
1113,Figma,Instacart
1114,Figma,Yixia
1115,Figma,Docker
1116,Figma,KeepTruckin
1117,Figma,Patreon
1118,Figma,Blend
1119,Figma,Lyra Health
1120,Figma,XANT
1121,Figma,Roblox
1122,Figma,Toss
1123,Figma,Rippling
1124,Figma,Confluent
1125,Figma,Convoy
1126,Figma,Qumulo
1127,Figma,Lookout
1128,Figma,Rubrik
1129,Figma,Nuro
1130,Ola Electric Mobility,Didi Chuxing
1131,Ola Electric Mobility,Greensill
1132,Ola Electric Mobility,InVision
1133,Ola Electric Mobility,Allbirds
1134,Ola Electric Mobility,Ivalua
1135,Ola Electric Mobility,Toast
1136,Ola Electric Mobility,Freshworks
1137,Ola Electric Mobility,QuintoAndar
1138,Ola Electric Mobility,Cohesity
1139,Ola Electric Mobility,Gympass
1140,Ola Electric Mobility,Delhivery
1141,Ola Electric Mobility,Razorpay
1142,Ola Electric Mobility,Meicai
1143,Ola Electric Mobility,JUUL Labs
1144,Ola Electric Mobility,Auto1 Group
1145,Ola Electric Mobility,Fanatics
1146,Ola Electric Mobility,SentinelOne
1147,Ola Electric Mobility,FirstCry
1148,Ola Electric Mobility,National Stock Exchange of India
1149,Ola Electric Mobility,Globality
1150,Ola Electric Mobility,PAX
1151,Ola Electric Mobility,Cybereason
1152,Ola Electric Mobility,Ola Cabs
1153,Ola Electric Mobility,Improbable
1154,Ola Electric Mobility,Intercom
1155,Ola Electric Mobility,Kavak
1156,Ola Electric Mobility,SHEIN
1157,Ola Electric Mobility,Fair
1158,Ola Electric Mobility,Nuro
1159,GetYourGuide,Sonder
1160,GetYourGuide,Cybereason
1161,GetYourGuide,Carta
1162,Epic Games,Airwallex
1163,Epic Games,Ivalua
1164,Epic Games,Skydance Media
1165,Epic Games,58 Daojia
1166,Epic Games,Yiguo
1167,Epic Games,Yuanfudao
1168,Epic Games,Krafton Game Union
1169,Epic Games,Zhuan Zhuan
1170,Epic Games,Yijiupi
1171,Epic Games,Dxy.cn
1172,Epic Games,Miaoshou Doctor
1173,Epic Games,Voodoo
1174,Epic Games,Zhihu
1175,Epic Games,Dream11
1176,Epic Games,Waterdrop
1177,Epic Games,Coocaa
1178,Epic Games,BYTON
1179,Epic Games,o9 Solutions
1180,Epic Games,Discord
1181,Epic Games,Momenta
1182,Epic Games,Luoji Siwei
1183,Epic Games,OutSystems
1184,Epic Games,Darktrace
1185,Epic Games,SoundHound
1186,Upgrade,Brex
1187,Upgrade,Zomato
1188,Upgrade,Carta
1189,Upgrade,Figure Technologies
1190,Upgrade,Next Insurance
1191,Upgrade,Coinbase
1192,Upgrade,Revolut
1193,Upgrade,Quizlet
1194,Upgrade,Duolingo
1195,Bytedance,Mia.com
1196,Bytedance,Airwallex
1197,Bytedance,WeLab
1198,Bytedance,Poizon
1199,Bytedance,Zuoyebang
1200,Bytedance,Tubatu.com
1201,Bytedance,100credit
1202,Bytedance,Kuaigou Dache
1203,Bytedance,Miaoshou Doctor
1204,Bytedance,Jiuxian
1205,Bytedance,JOLLY Information Technology
1206,Bytedance,Canva
1207,Bytedance,Zume
1208,Bytedance,Momenta
1209,Bytedance,Pony.ai
1210,Bytedance,Yixia
1211,Bytedance,Luoji Siwei
1212,Bytedance,Bitmain Technologies
1213,Bytedance,Leap Motor
1214,Bytedance,4Paradigm
1215,Bytedance,YITU Technology
1216,Bytedance,SHEIN
1217,Bytedance,Changingedu
1218,Bytedance,Alto Pharmacy
1219,One97 Communications,Easyhome
1220,One97 Communications,KnowBox
1221,One97 Communications,Huaqin Telecom Technology
1222,One97 Communications,DT Dream
1223,One97 Communications,BigBasket
1224,One97 Communications,TangoMe
1225,One97 Communications,Tokopedia
1226,One97 Communications,Sprinklr
1227,One97 Communications,OrCam Technologies
1228,One97 Communications,58 Daojia
1229,One97 Communications,SenseTime
1230,One97 Communications,Yiguo
1231,One97 Communications,Meizu Technology
1232,Gett,ironSource
1233,Gett,DigitalOcean
1234,Gett,Babylon Health
1235,Gett,Deezer
1236,TechStyle Fashion Group,Didi Chuxing
1237,TechStyle Fashion Group,Canva
1238,TechStyle Fashion Group,Sila Nanotechnologies
1239,TechStyle Fashion Group,FiveTran
1240,Ibotta,Xiaohongshu
1241,Ibotta,Wish
1242,Ibotta,Zuoyebang
1243,Ibotta,TuJia
1244,Ibotta,InSightec
1245,Ibotta,Keep
1246,Ibotta,Hello TransTech
1247,Traveloka,Meero
1248,Redis Labs,ACV Auctions
1249,Redis Labs,Lightricks
1250,Redis Labs,Graphcore
1251,Redis Labs,VAST Data
1252,Airtable,Cybereason
1253,Airtable,Coupang
1254,Airtable,Playco
1255,Airtable,Patreon
1256,Illumio,Airbnb
1257,Illumio,Orca Bio
1258,Illumio,SentinelOne
1259,Illumio,Ginkgo BioWorks
1260,Illumio,Gusto
1261,HashiCorp,Outreach
1262,HashiCorp,Grove Collaborative
1263,HashiCorp,Yixia
1264,HashiCorp,Guild Education
1265,HashiCorp,Arctic Wolf Networks
1266,HashiCorp,Apus Group
1267,Deposit Solutions,Scopely
1268,Coocaa,HuJiang
1269,Coocaa,Airwallex
1270,Coocaa,Skydance Media
1271,Coocaa,Yuanfudao
1272,Coocaa,Krafton Game Union
1273,Coocaa,Zhuan Zhuan
1274,Coocaa,Yijiupi
1275,Coocaa,Dxy.cn
1276,Coocaa,Miaoshou Doctor
1277,Coocaa,Voodoo
1278,Coocaa,Zhihu
1279,Coocaa,Dream11
1280,Coocaa,Waterdrop
1281,Coocaa,BYTON
1282,Coocaa,Lianjia
1283,Coocaa,Discord
1284,Coocaa,Womai
1285,Coocaa,Momenta
1286,Coocaa,Luoji Siwei
1287,Coocaa,Kuaishou
1288,Coocaa,SoundHound
1289,Databricks,Robinhood
1290,Databricks,Pendo
1291,Databricks,Anduril
1292,Databricks,Applied Intuition
1293,Databricks,Rappi
1294,Databricks,Intarcia Therapeutics
1295,Databricks,Tanium
1296,Databricks,StockX
1297,Databricks,Koudai
1298,Databricks,DigitalOcean
1299,Databricks,Buzzfeed
1300,Databricks,FiveTran
1301,Databricks,Automation Anywhere
1302,Databricks,Tuya Smart
1303,Databricks,Uptake
1304,Databricks,Collibra
1305,Databricks,Sprinklr
1306,Databricks,Instabase
1307,Databricks,Duolingo
1308,Databricks,Dialpad
1309,Databricks,Fanatics
1310,Databricks,Amplitude
1311,Databricks,Branch
1312,Databricks,Houzz
1313,Databricks,Airbnb
1314,Databricks,DataRobot
1315,Databricks,Bright Health
1316,Databricks,Sisense
1317,Databricks,Apeel Sciences
1318,Databricks,LinkDoc Technology
1319,Databricks,Omio
1320,Databricks,Devoted Health
1321,Databricks,23andMe
1322,Databricks,Loft
1323,Databricks,TripActions
1324,Databricks,Improbable
1325,Databricks,Magic Leap
1326,FlixBus,Automation Anywhere
1327,FlixBus,Greensill
1328,FlixBus,Gymshark
1329,FlixBus,Klarna
1330,FlixBus,Vox Media
1331,FlixBus,Mu Sigma
1332,FlixBus,Red Ventures
1333,FlixBus,Gympass
1334,FlixBus,Squarespace
1335,FlixBus,Seismic
1336,FlixBus,QuintoAndar
1337,TERMINUS Technology,Bitmain Technologies
1338,TERMINUS Technology,Biren Techonology
1339,TERMINUS Technology,Waterdrop
1340,TERMINUS Technology,Ripple
1341,TERMINUS Technology,SenseTime
1342,TERMINUS Technology,Womai
1343,TERMINUS Technology,Zhubajie
1344,TERMINUS Technology,Pony.ai
1345,TERMINUS Technology,Maimai
1346,TERMINUS Technology,FXiaoKe
1347,TERMINUS Technology,Changingedu
1348,TERMINUS Technology,Zhaogang
1349,TERMINUS Technology,Yuanfudao
1350,TERMINUS Technology,Liquid
1351,GitLab,Robinhood
1352,GitLab,Stripe
1353,GitLab,InVision
1354,GitLab,StockX
1355,GitLab,Toast
1356,GitLab,ezCater
1357,GitLab,Faire
1358,GitLab,Katerra
1359,GitLab,Oscar Health
1360,GitLab,Zipline International
1361,GitLab,Carbon
1362,GitLab,Impossible Foods
1363,GitLab,Collibra
1364,GitLab,HighRadius
1365,GitLab,Just
1366,GitLab,Gusto
1367,GitLab,Dialpad
1368,GitLab,Turo
1369,GitLab,Instacart
1370,GitLab,Farmers Business Network
1371,GitLab,KeepTruckin
1372,GitLab,ThoughtSpot
1373,GitLab,23andMe
1374,GitLab,Rubrik
1375,Sisense,Riskified
1376,Sisense,monday.com
1377,Sisense,Pendo
1378,Sisense,Omio
1379,Sisense,Collibra
1380,Sisense,StockX
1381,Sisense,Sprinklr
1382,Sisense,Amplitude
1383,Loggi,TangoMe
1384,Loggi,Toss
1385,Loggi,Magic Leap
1386,Devoted Health,Robinhood
1387,Devoted Health,Anduril
1388,Devoted Health,Applied Intuition
1389,Devoted Health,Rappi
1390,Devoted Health,Tanium
1391,Devoted Health,Zenefits
1392,Devoted Health,DigitalOcean
1393,Devoted Health,FiveTran
1394,Devoted Health,Dataminr
1395,Devoted Health,Instabase
1396,Devoted Health,Dialpad
1397,Devoted Health,Fanatics
1398,Devoted Health,Airbnb
1399,Devoted Health,Apeel Sciences
1400,Devoted Health,Lyra Health
1401,Devoted Health,Loft
1402,Devoted Health,TripActions
1403,Devoted Health,Improbable
1404,Devoted Health,Magic Leap
1405,Gong,Swiggy
1406,Gong,Kendra Scott
1407,Gong,Cohesity
1408,Gong,Dave
1409,Gong,Knotel
1410,Gong,VAST Data
1411,monday.com,Riskified
1412,monday.com,OneTrust
1413,monday.com,Vinted
1414,monday.com,Lightricks
1415,Rivigo,Mofang Living
1416,Rivigo,Zhangmen
1417,Rivigo,SouChe Holdings
1418,Rivigo,Gojek
1419,Rivigo,FirstCry
1420,Rivigo,Geek+
1421,Toast,Robinhood
1422,Toast,Didi Chuxing
1423,Toast,InVision
1424,Toast,Allbirds
1425,Toast,Procore
1426,Toast,Ivalua
1427,Toast,StockX
1428,Toast,Zipline International
1429,Toast,Carbon
1430,Toast,Guild Education
1431,Toast,Meicai
1432,Toast,Razorpay
1433,Toast,Gusto
1434,Toast,JUUL Labs
1435,Toast,ACV Auctions
1436,Toast,Dialpad
1437,Toast,Turo
1438,Toast,Farmers Business Network
1439,Toast,KeepTruckin
1440,Toast,Auth0
1441,Toast,Bright Health
1442,Toast,PAX
1443,Toast,BigBasket
1444,Toast,Sila Nanotechnologies
1445,Toast,Toss
1446,Toast,Wildlife Studios
1447,Toast,Intercom
1448,Toast,23andMe
1449,Toast,Freshworks
1450,Toast,SHEIN
1451,Toast,SentinelOne
1452,Toast,Starry
1453,Actifio,Blend
1454,Actifio,Lookout
1455,Actifio,Sonder
1456,Actifio,Lyra Health
1457,Actifio,Discord
1458,Actifio,Mollie
1459,Actifio,Aurora
1460,Actifio,Convoy
1461,Actifio,Instabase
1462,Actifio,Docker
1463,Actifio,Rubrik
1464,Actifio,Nuro
1465,Udaan,Robinhood
1466,Udaan,Rappi
1467,Udaan,Airwallex
1468,Udaan,StockX
1469,Udaan,Poizon
1470,Udaan,Cars24
1471,Udaan,Arctic Wolf Networks
1472,Udaan,Seismic
1473,Udaan,17zuoye
1474,Udaan,Aurora
1475,Udaan,Revolut
1476,Udaan,Docker
1477,Udaan,ThoughtSpot
1478,Udaan,Blend
1479,Udaan,Orca Bio
1480,Udaan,Ripple
1481,Udaan,Brex
1482,Udaan,Netskope
1483,Udaan,Kavak
1484,Udaan,TripActions
1485,Udaan,Rubrik
1486,dLocal,Chainalysis
1487,Kendra Scott,Swiggy
1488,Kendra Scott,Dave
1489,Kendra Scott,Knotel
1490,Kendra Scott,VAST Data
1491,Delhivery,Greensill
1492,Delhivery,QuintoAndar
1493,Delhivery,Cohesity
1494,Delhivery,Gympass
1495,Delhivery,Auto1 Group
1496,Delhivery,Fanatics
1497,Delhivery,FirstCry
1498,Delhivery,National Stock Exchange of India
1499,Delhivery,Globality
1500,Delhivery,Cybereason
1501,Delhivery,Ola Cabs
1502,Delhivery,Improbable
1503,Delhivery,Druva
1504,Delhivery,Kavak
1505,Delhivery,Fair
1506,Delhivery,Nuro
1507,Duolingo,Stripe
1508,Duolingo,Intarcia Therapeutics
1509,Duolingo,Koudai
1510,Duolingo,Buzzfeed
1511,Duolingo,Unqork
1512,Duolingo,Dataiku
1513,Duolingo,Automation Anywhere
1514,Duolingo,Tuya Smart
1515,Duolingo,Uptake
1516,Duolingo,Carta
1517,Duolingo,Instabase
1518,Duolingo,Branch
1519,Duolingo,Houzz
1520,Duolingo,DataRobot
1521,Duolingo,Bright Health
1522,Duolingo,LinkDoc Technology
1523,Duolingo,Omio
1524,Duolingo,23andMe
1525,Duolingo,Convoy
1526,Duolingo,Coinbase
1527,Duolingo,Freshworks
1528,Duolingo,Quizlet
1529,Instabase,Robinhood
1530,Instabase,Anduril
1531,Instabase,Applied Intuition
1532,Instabase,Rappi
1533,Instabase,Intarcia Therapeutics
1534,Instabase,Tanium
1535,Instabase,Koudai
1536,Instabase,DigitalOcean
1537,Instabase,Magic Leap
1538,Instabase,Buzzfeed
1539,Instabase,FiveTran
1540,Instabase,Automation Anywhere
1541,Instabase,Tuya Smart
1542,Instabase,Sonder
1543,Instabase,Uptake
1544,Instabase,Dialpad
1545,Instabase,Discord
1546,Instabase,Aurora
1547,Instabase,Fanatics
1548,Instabase,Branch
1549,Instabase,Docker
1550,Instabase,Houzz
1551,Instabase,Blend
1552,Instabase,DataRobot
1553,Instabase,Bright Health
1554,Instabase,Airbnb
1555,Instabase,LinkDoc Technology
1556,Instabase,Apeel Sciences
1557,Instabase,Omio
1558,Instabase,Lyra Health
1559,Instabase,Improbable
1560,Instabase,23andMe
1561,Instabase,Convoy
1562,Instabase,Loft
1563,Instabase,TripActions
1564,Instabase,Lookout
1565,Instabase,Rubrik
1566,Instabase,Nuro
1567,Gusto,Robinhood
1568,Gusto,StockX
1569,Gusto,Zipline International
1570,Gusto,Carbon
1571,Gusto,InMobi
1572,Gusto,Dialpad
1573,Gusto,Turo
1574,Gusto,Instacart
1575,Gusto,Farmers Business Network
1576,Gusto,Yixia
1577,Gusto,KeepTruckin
1578,Gusto,Airbnb
1579,Gusto,XANT
1580,Gusto,Toss
1581,Gusto,Rippling
1582,Gusto,23andMe
1583,Gusto,Qumulo
1584,Flexport,Verkada
1585,Flexport,Roivant Sciences
1586,Flexport,Anduril
1587,Flexport,Wish
1588,Flexport,Roblox
1589,Flexport,Knotel
1590,Flexport,Just
1591,Flexport,Compass
1592,Flexport,RigUp
1593,Infinidat,Tanium
1594,Infinidat,Yiguo
1595,Infinidat,Rubicon Global
1596,Infinidat,Automation Anywhere
1597,Infinidat,Northvolt
1598,Infinidat,Dataminr
1599,Infinidat,Voodoo
1600,Infinidat,Calm
1601,Infinidat,SMS Assist
1602,Infinidat,Lightricks
1603,Infinidat,Symphony
1604,Infinidat,AvidXchange
1605,Infinidat,C3.ai
1606,Infinidat,GPclub
1607,Infinidat,ReNew Power
1608,Infinidat,VAST Data
1609,Bukalapak,Revolution Precrafted
1610,MessageBird,Doctolib
1611,MessageBird,SmartNews
1612,MessageBird,reddit
1613,MessageBird,Klaviyo
1614,MessageBird,Gympass
1615,MessageBird,Razorpay
1616,MessageBird,Chainalysis
1617,MessageBird,Circle Internet Financial
1618,MessageBird,Scale AI
1619,MessageBird,Ginkgo BioWorks
1620,MessageBird,Celonis
1621,MessageBird,Lilium Aviation
1622,MessageBird,Vinted
1623,MessageBird,Netskope
1624,MessageBird,Rippling
1625,MessageBird,Convoy
1626,MessageBird,Coinbase
1627,MessageBird,Freshworks
1628,Ginkgo BioWorks,Orca Bio
1629,Ginkgo BioWorks,Rippling
1630,Ginkgo BioWorks,Scale AI
1631,Ginkgo BioWorks,Convoy
1632,Ginkgo BioWorks,Coinbase
1633,Ginkgo BioWorks,Razorpay
1634,Ginkgo BioWorks,reddit
1635,Ginkgo BioWorks,SentinelOne
1636,BillDesk,AvidXchange
1637,BillDesk,iTutorGroup
1638,BillDesk,17zuoye
1639,BillDesk,Impossible Foods
1640,BillDesk,VANCL
1641,BillDesk,Fanatics
1642,BillDesk,Improbable
1643,UBTECH Robotics,Zhihu
1644,UBTECH Robotics,Miaoshou Doctor
1645,UBTECH Robotics,JOLLY Information Technology
1646,UBTECH Robotics,Luoji Siwei
1647,Ripple,SenseTime
1648,Ripple,Yuanfudao
1649,Ripple,Biren Techonology
1650,Ripple,FXiaoKe
1651,Ripple,Arctic Wolf Networks
1652,Ripple,Seismic
1653,Ripple,Waterdrop
1654,Ripple,Aurora
1655,Ripple,Womai
1656,Ripple,Pony.ai
1657,Ripple,Maimai
1658,Ripple,Docker
1659,Ripple,ThoughtSpot
1660,Ripple,Zhubajie
1661,Ripple,Bitmain Technologies
1662,Ripple,Blend
1663,Ripple,Orca Bio
1664,Ripple,Netskope
1665,Ripple,Zhaogang
1666,Ripple,TripActions
1667,Ripple,Changingedu
1668,Ripple,Rubrik
1669,Ripple,Liquid
1670,Keep,Xiaohongshu
1671,Keep,Kuaishou
1672,Keep,Wish
1673,Keep,Zuoyebang
1674,Keep,TuJia
1675,Keep,Maimai
1676,Keep,Horizon Robotics
1677,Keep,Hello TransTech
1678,Remitly,Auto1 Group
1679,WeLab,Mia.com
1680,WeLab,Airwallex
1681,WeLab,Poizon
1682,WeLab,Zuoyebang
1683,WeLab,Tubatu.com
1684,WeLab,100credit
1685,WeLab,Kuaigou Dache
1686,WeLab,Miaoshou Doctor
1687,WeLab,Jiuxian
1688,WeLab,JOLLY Information Technology
1689,WeLab,Canva
1690,WeLab,Momenta
1691,WeLab,Pony.ai
1692,WeLab,Yixia
1693,WeLab,Luoji Siwei
1694,WeLab,Bitmain Technologies
1695,WeLab,Leap Motor
1696,WeLab,4Paradigm
1697,WeLab,YITU Technology
1698,WeLab,SHEIN
1699,WeLab,Changingedu
1700,Zenefits,Klarna
1701,Zenefits,Lyra Health
1702,Zenefits,Glossier
1703,Zenefits,SoFi
1704,Zenefits,Buzzfeed
1705,Zenefits,Dave
1706,Zenefits,Dataminr
1707,Zenefits,Amplitude
1708,Zenefits,Eightfold.ai
1709,Zenefits,Grammarly
1710,WalkMe,Nextdoor
1711,WalkMe,BlaBlaCar
1712,WalkMe,ezCater
1713,WalkMe,Calm
1714,Zhangmen,Mofang Living
1715,Zhangmen,SouChe Holdings
1716,Zhangmen,Cgtz
1717,Zhangmen,Lalamove
1718,Zhangmen,GalaxySpace
1719,Zhangmen,Gojek
1720,Zhangmen,SHEIN
1721,Zhangmen,Geek+
1722,reddit,Rappi
1723,reddit,Mu Sigma
1724,reddit,Faire
1725,reddit,Zipline International
1726,reddit,MUSINSA
1727,reddit,Carbon
1728,reddit,Attentive Mobile
1729,reddit,Klarna
1730,reddit,Zomato
1731,reddit,Nubank
1732,reddit,Cohesity
1733,reddit,Razorpay
1734,reddit,Scale AI
1735,reddit,Coupang
1736,reddit,Houzz
1737,reddit,Bitmain Technologies
1738,reddit,Verkada
1739,reddit,Kuaishou
1740,reddit,DJI Innovations
1741,reddit,Ola Cabs
1742,reddit,Rippling
1743,reddit,Confluent
1744,reddit,Druva
1745,reddit,Convoy
1746,reddit,Coinbase
1747,reddit,Playco
1748,WM Motor,Xiaohongshu
1749,WM Motor,Lianjia
1750,WM Motor,Koudai
1751,WM Motor,Horizon Robotics
1752,WM Motor,Hike
1753,WM Motor,iCarbonX
1754,Tuya Smart,DataRobot
1755,Tuya Smart,Bright Health
1756,Tuya Smart,Automation Anywhere
1757,Tuya Smart,LinkDoc Technology
1758,Tuya Smart,Omio
1759,Tuya Smart,Intarcia Therapeutics
1760,Tuya Smart,Uptake
1761,Tuya Smart,Koudai
1762,Tuya Smart,23andMe
1763,Tuya Smart,Buzzfeed
1764,Tuya Smart,Branch
1765,Tuya Smart,Houzz
1766,Carta,Sonder
1767,Carta,Cybereason
1768,Carta,Coinbase
1769,Carta,Quizlet
1770,Graphcore,Formlabs
1771,Graphcore,AppsFlyer
1772,Graphcore,VAST Data
1773,Trax,Easyhome
1774,Trax,WTOIP
1775,o9 Solutions,OutSystems
1776,o9 Solutions,Darktrace
1777,o9 Solutions,Ivalua
1778,o9 Solutions,58 Daojia
1779,o9 Solutions,Yiguo
1780,Womai,HuJiang
1781,Womai,SenseTime
1782,Womai,Yuanfudao
1783,Womai,Biren Techonology
1784,Womai,FXiaoKe
1785,Womai,Waterdrop
1786,Womai,Lianjia
1787,Womai,Pony.ai
1788,Womai,Maimai
1789,Womai,Orbbec Technology
1790,Womai,Zhubajie
1791,Womai,Bitmain Technologies
1792,Womai,Kuaishou
1793,Womai,Zhaogang
1794,Womai,Changingedu
1795,Womai,Liquid
1796,Farmers Business Network,Robinhood
1797,Farmers Business Network,Carbon
1798,Farmers Business Network,Dialpad
1799,Farmers Business Network,Turo
1800,Farmers Business Network,StockX
1801,Farmers Business Network,Zipline International
1802,Farmers Business Network,23andMe
1803,Farmers Business Network,Sema4
1804,Farmers Business Network,Unqork
1805,Farmers Business Network,KeepTruckin
1806,Yixia,Mia.com
1807,Yixia,Airwallex
1808,Yixia,Poizon
1809,Yixia,InMobi
1810,Yixia,Zuoyebang
1811,Yixia,Tubatu.com
1812,Yixia,100credit
1813,Yixia,Kuaigou Dache
1814,Yixia,Miaoshou Doctor
1815,Yixia,Jiuxian
1816,Yixia,JOLLY Information Technology
1817,Yixia,Guild Education
1818,Yixia,Arctic Wolf Networks
1819,Yixia,Canva
1820,Yixia,Instacart
1821,Yixia,Momenta
1822,Yixia,Pony.ai
1823,Yixia,Luoji Siwei
1824,Yixia,Bitmain Technologies
1825,Yixia,Leap Motor
1826,Yixia,XANT
1827,Yixia,Toss
1828,Yixia,Rippling
1829,Yixia,4Paradigm
1830,Yixia,YITU Technology
1831,Yixia,SHEIN
1832,Yixia,Changingedu
1833,Yixia,Qumulo
1834,Yixia,Apus Group
1835,Meizu Technology,Easyhome
1836,Meizu Technology,KnowBox
1837,Meizu Technology,DT Dream
1838,Meizu Technology,BigBasket
1839,Meizu Technology,TangoMe
1840,Meizu Technology,Tokopedia
1841,Meizu Technology,58 Daojia
1842,Meizu Technology,SenseTime
1843,Meizu Technology,Yiguo
1844,Lilium Aviation,SmartNews
1845,Lilium Aviation,Gympass
1846,Lilium Aviation,Magic Leap
1847,Bitmain Technologies,Mia.com
1848,Bitmain Technologies,Airwallex
1849,Bitmain Technologies,SenseTime
1850,Bitmain Technologies,Yuanfudao
1851,Bitmain Technologies,Biren Techonology
1852,Bitmain Technologies,Poizon
1853,Bitmain Technologies,Zuoyebang
1854,Bitmain Technologies,Tubatu.com
1855,Bitmain Technologies,100credit
1856,Bitmain Technologies,Kuaigou Dache
1857,Bitmain Technologies,Miaoshou Doctor
1858,Bitmain Technologies,Jiuxian
1859,Bitmain Technologies,JOLLY Information Technology
1860,Bitmain Technologies,FXiaoKe
1861,Bitmain Technologies,Canva
1862,Bitmain Technologies,Waterdrop
1863,Bitmain Technologies,Momenta
1864,Bitmain Technologies,Pony.ai
1865,Bitmain Technologies,Maimai
1866,Bitmain Technologies,Zhubajie
1867,Bitmain Technologies,Luoji Siwei
1868,Bitmain Technologies,Leap Motor
1869,Bitmain Technologies,4Paradigm
1870,Bitmain Technologies,YITU Technology
1871,Bitmain Technologies,SHEIN
1872,Bitmain Technologies,Changingedu
1873,Bitmain Technologies,Zhaogang
1874,Bitmain Technologies,Liquid
1875,DataRobot,Intarcia Therapeutics
1876,DataRobot,Koudai
1877,DataRobot,DigitalOcean
1878,DataRobot,Buzzfeed
1879,DataRobot,Automation Anywhere
1880,DataRobot,Uptake
1881,DataRobot,Branch
1882,DataRobot,Houzz
1883,DataRobot,Bright Health
1884,DataRobot,LinkDoc Technology
1885,DataRobot,Omio
1886,DataRobot,23andMe
1887,Ola Cabs,Greensill
1888,Ola Cabs,Rappi
1889,Ola Cabs,BlaBlaCar
1890,Ola Cabs,Mu Sigma
1891,Ola Cabs,Squarespace
1892,Ola Cabs,Faire
1893,Ola Cabs,Deliveroo
1894,Ola Cabs,Zipline International
1895,Ola Cabs,MUSINSA
1896,Ola Cabs,Carbon
1897,Ola Cabs,Attentive Mobile
1898,Ola Cabs,Zomato
1899,Ola Cabs,Klarna
1900,Ola Cabs,Nubank
1901,Ola Cabs,Nuro
1902,Ola Cabs,Cohesity
1903,Ola Cabs,QuintoAndar
1904,Ola Cabs,Gympass
1905,Ola Cabs,Playco
1906,Ola Cabs,Auto1 Group
1907,Ola Cabs,Vox Media
1908,Ola Cabs,Fanatics
1909,Ola Cabs,FirstCry
1910,Ola Cabs,Coupang
1911,Ola Cabs,National Stock Exchange of India
1912,Ola Cabs,Houzz
1913,Ola Cabs,Verkada
1914,Ola Cabs,Kuaishou
1915,Ola Cabs,DJI Innovations
1916,Ola Cabs,Globality
1917,Ola Cabs,Cybereason
1918,Ola Cabs,Confluent
1919,Ola Cabs,Druva
1920,Ola Cabs,Kavak
1921,Ola Cabs,Fair
1922,Ola Cabs,Lookout
1923,Ola Cabs,Improbable
1924,Freshworks,Stripe
1925,Freshworks,Doctolib
1926,Freshworks,Didi Chuxing
1927,Freshworks,Allbirds
1928,Freshworks,InVision
1929,Freshworks,Ivalua
1930,Freshworks,Unqork
1931,Freshworks,Dataiku
1932,Freshworks,Klaviyo
1933,Freshworks,Meicai
1934,Freshworks,Razorpay
1935,Freshworks,JUUL Labs
1936,Freshworks,Chainalysis
1937,Freshworks,Circle Internet Financial
1938,Freshworks,Scale AI
1939,Freshworks,Celonis
1940,Freshworks,Vinted
1941,Freshworks,PAX
1942,Freshworks,Netskope
1943,Freshworks,Intercom
1944,Freshworks,Convoy
1945,Freshworks,SHEIN
1946,Freshworks,SentinelOne
1947,Magic Leap,Robinhood
1948,Magic Leap,Anduril
1949,Magic Leap,Applied Intuition
1950,Magic Leap,Rappi
1951,Magic Leap,Tanium
1952,Magic Leap,DigitalOcean
1953,Magic Leap,FiveTran
1954,Magic Leap,Dialpad
1955,Magic Leap,Fanatics
1956,Magic Leap,Airbnb
1957,Magic Leap,Apeel Sciences
1958,Magic Leap,TangoMe
1959,Magic Leap,Toss
1960,Magic Leap,Loft
1961,Magic Leap,TripActions
1962,Magic Leap,Improbable
1963,Anduril,Robinhood
1964,Anduril,Applied Intuition
1965,Anduril,Rappi
1966,Anduril,Tanium
1967,Anduril,DigitalOcean
1968,Anduril,FiveTran
1969,Anduril,RigUp
1970,Anduril,Just
1971,Anduril,Compass
1972,Anduril,Dialpad
1973,Anduril,Wish
1974,Anduril,Fanatics
1975,Anduril,Airbnb
1976,Anduril,Apeel Sciences
1977,Anduril,Roivant Sciences
1978,Anduril,Loft
1979,Anduril,TripActions
1980,Anduril,Improbable
1981,StockX,Robinhood
1982,StockX,Pendo
1983,StockX,Rappi
1984,StockX,Airwallex
1985,StockX,Zipline International
1986,StockX,Carbon
1987,StockX,Poizon
1988,StockX,Collibra
1989,StockX,Sprinklr
1990,StockX,Cars24
1991,StockX,17zuoye
1992,StockX,Dialpad
1993,StockX,Turo
1994,StockX,Amplitude
1995,StockX,Revolut
1996,StockX,KeepTruckin
1997,StockX,Brex
1998,StockX,Omio
1999,StockX,23andMe
2000,StockX,Kavak
2001,Squarespace,Greensill
2002,Squarespace,BlaBlaCar
2003,Squarespace,Mu Sigma
2004,Squarespace,Red Ventures
2005,Squarespace,Deliveroo
2006,Squarespace,Automation Anywhere
2007,Squarespace,Klarna
2008,Squarespace,Collibra
2009,Squarespace,Gympass
2010,Squarespace,Seismic
2011,Squarespace,Lookout
2012,Squarespace,Gymshark
2013,Squarespace,Vox Media
2014,Squarespace,Aurora
2015,Squarespace,Scale AI
2016,Squarespace,KeepTruckin
2017,Squarespace,Patreon
2018,Squarespace,DJI Innovations
2019,Squarespace,Roblox
2020,Squarespace,Confluent
2021,Squarespace,Tekion
2022,Squarespace,QuintoAndar
2023,Katerra,Stripe
2024,Katerra,MEGVII
2025,Katerra,Impossible Foods
2026,Katerra,ThoughtSpot
2027,Katerra,Instacart
2028,Katerra,Oscar Health
2029,Katerra,Faire
2030,Katerra,Just
2031,Katerra,Rubrik
2032,Grove Collaborative,Attentive Mobile
2033,Grove Collaborative,Outreach
2034,Krafton Game Union,Airwallex
2035,Krafton Game Union,Skydance Media
2036,Krafton Game Union,Yuanfudao
2037,Krafton Game Union,Zhuan Zhuan
2038,Krafton Game Union,Yijiupi
2039,Krafton Game Union,Dxy.cn
2040,Krafton Game Union,Miaoshou Doctor
2041,Krafton Game Union,Voodoo
2042,Krafton Game Union,Zhihu
2043,Krafton Game Union,Dream11
2044,Krafton Game Union,WEMAKEPRICE
2045,Krafton Game Union,Waterdrop
2046,Krafton Game Union,BYTON
2047,Krafton Game Union,Discord
2048,Krafton Game Union,Momenta
2049,Krafton Game Union,Luoji Siwei
2050,Krafton Game Union,SoundHound
2051,Outreach,Auth0
2052,Outreach,VTS
2053,Klaviyo,Chainalysis
2054,Klaviyo,Doctolib
2055,Klaviyo,Vinted
2056,Klaviyo,Netskope
2057,Klaviyo,Darktrace
2058,Klaviyo,Circle Internet Financial
2059,Klaviyo,Scale AI
2060,Klaviyo,Celonis
2061,Dataminr,SoFi
2062,Dataminr,Yiguo
2063,Dataminr,Rubicon Global
2064,Dataminr,Automation Anywhere
2065,Dataminr,Klarna
2066,Dataminr,Northvolt
2067,Dataminr,Voodoo
2068,Dataminr,SMS Assist
2069,Dataminr,Lightricks
2070,Dataminr,Glossier
2071,Dataminr,Symphony
2072,Dataminr,Amplitude
2073,Dataminr,Eightfold.ai
2074,Dataminr,Grammarly
2075,Dataminr,Lyra Health
2076,Dataminr,GPclub
2077,Dataminr,ReNew Power
2078,Dataminr,VAST Data
2079,HighRadius,Payoneer
2080,HighRadius,InVision
2081,HighRadius,Collibra
2082,HighRadius,ezCater
2083,Cars24,Robinhood
2084,Cars24,17zuoye
2085,Cars24,Brex
2086,Cars24,Poizon
2087,Cars24,Airwallex
2088,Cars24,Rappi
2089,Cars24,Revolut
2090,Cars24,Kavak
2091,Glovo,Cabify
2092,Glovo,Omio
2093,Razorpay,Didi Chuxing
2094,Razorpay,InVision
2095,Razorpay,Allbirds
2096,Razorpay,Ivalua
2097,Razorpay,Meicai
2098,Razorpay,JUUL Labs
2099,Razorpay,Scale AI
2100,Razorpay,PAX
2101,Razorpay,Intercom
2102,Razorpay,Rippling
2103,Razorpay,Convoy
2104,Razorpay,Coinbase
2105,Razorpay,SHEIN
2106,Razorpay,SentinelOne
2107,Babylon Health,VillageMD
2108,Dialpad,Robinhood
2109,Dialpad,Applied Intuition
2110,Dialpad,Rappi
2111,Dialpad,Tanium
2112,Dialpad,DigitalOcean
2113,Dialpad,Dave
2114,Dialpad,FiveTran
2115,Dialpad,Zipline International
2116,Dialpad,Carbon
2117,Dialpad,Turo
2118,Dialpad,Fanatics
2119,Dialpad,KeepTruckin
2120,Dialpad,Airbnb
2121,Dialpad,Apeel Sciences
2122,Dialpad,23andMe
2123,Dialpad,Loft
2124,Dialpad,TripActions
2125,Dialpad,Improbable
2126,eDaili,Yimidida
2127,Orbbec Technology,Biren Techonology
2128,Grammarly,Applied Intuition
2129,Grammarly,SoFi
2130,Grammarly,FiveTran
2131,Grammarly,Deliveroo
2132,Grammarly,Klarna
2133,Grammarly,Ro
2134,Grammarly,Circle Internet Financial
2135,Grammarly,Glossier
2136,Grammarly,Amplitude
2137,Grammarly,Eightfold.ai
2138,Grammarly,Rapyd
2139,Grammarly,C3.ai
2140,Grammarly,ClassPass
2141,SHEIN,Didi Chuxing
2142,SHEIN,InVision
2143,SHEIN,Allbirds
2144,SHEIN,Mia.com
2145,SHEIN,Airwallex
2146,SHEIN,Ivalua
2147,SHEIN,Lalamove
2148,SHEIN,Poizon
2149,SHEIN,Zuoyebang
2150,SHEIN,Tubatu.com
2151,SHEIN,100credit
2152,SHEIN,Kuaigou Dache
2153,SHEIN,YITU Technology
2154,SHEIN,Miaoshou Doctor
2155,SHEIN,Meicai
2156,SHEIN,Jiuxian
2157,SHEIN,JOLLY Information Technology
2158,SHEIN,JUUL Labs
2159,SHEIN,Canva
2160,SHEIN,Cgtz
2161,SHEIN,GalaxySpace
2162,SHEIN,Momenta
2163,SHEIN,Pony.ai
2164,SHEIN,Luoji Siwei
2165,SHEIN,Leap Motor
2166,SHEIN,PAX
2167,SHEIN,Intercom
2168,SHEIN,4Paradigm
2169,SHEIN,Changingedu
2170,SHEIN,SentinelOne
2171,TripActions,Robinhood
2172,TripActions,Applied Intuition
2173,TripActions,Rappi
2174,TripActions,Tanium
2175,TripActions,DigitalOcean
2176,TripActions,FiveTran
2177,TripActions,Next Insurance
2178,TripActions,Arctic Wolf Networks
2179,TripActions,Seismic
2180,TripActions,Fanatics
2181,TripActions,Aurora
2182,TripActions,Tipalti
2183,TripActions,Docker
2184,TripActions,ThoughtSpot
2185,TripActions,Airbnb
2186,TripActions,Blend
2187,TripActions,Apeel Sciences
2188,TripActions,Orca Bio
2189,TripActions,Netskope
2190,TripActions,Loft
2191,TripActions,Rubrik
2192,TripActions,Improbable
2193,Changingedu,Mia.com
2194,Changingedu,Airwallex
2195,Changingedu,SenseTime
2196,Changingedu,Yuanfudao
2197,Changingedu,Biren Techonology
2198,Changingedu,Poizon
2199,Changingedu,Zuoyebang
2200,Changingedu,100credit
2201,Changingedu,Kuaigou Dache
2202,Changingedu,Tubatu.com
2203,Changingedu,YITU Technology
2204,Changingedu,FXiaoKe
2205,Changingedu,Jiuxian
2206,Changingedu,JOLLY Information Technology
2207,Changingedu,Miaoshou Doctor
2208,Changingedu,Canva
2209,Changingedu,Waterdrop
2210,Changingedu,Pony.ai
2211,Changingedu,Momenta
2212,Changingedu,Maimai
2213,Changingedu,Zhubajie
2214,Changingedu,Luoji Siwei
2215,Changingedu,Leap Motor
2216,Changingedu,4Paradigm
2217,Changingedu,Zhaogang
2218,Changingedu,Liquid
2219,Lookout,BlaBlaCar
2220,Lookout,Deliveroo
2221,Lookout,Sonder
2222,Lookout,Vox Media
2223,Lookout,Discord
2224,Lookout,Aurora
2225,Lookout,Docker
2226,Lookout,Blend
2227,Lookout,DJI Innovations
2228,Lookout,Lyra Health
2229,Lookout,Convoy
2230,Lookout,Rubrik
2231,Lookout,Nuro
2232,Chime,Glossier
2233,Chime,Faire
2234,VAST Data,Dave
2235,VAST Data,Yiguo
2236,VAST Data,Rubicon Global
2237,VAST Data,Automation Anywhere
2238,VAST Data,Northvolt
2239,VAST Data,Voodoo
2240,VAST Data,SMS Assist
2241,VAST Data,Lightricks
2242,VAST Data,Symphony
2243,VAST Data,Knotel
2244,VAST Data,Swiggy
2245,VAST Data,GPclub
2246,VAST Data,ReNew Power
2247,Robinhood,Kavak
2248,Robinhood,Applied Intuition
2249,Robinhood,Rappi
2250,Robinhood,Airwallex
2251,Robinhood,Tanium
2252,Robinhood,DigitalOcean
2253,Robinhood,FiveTran
2254,Robinhood,Zipline International
2255,Robinhood,Carbon
2256,Robinhood,Poizon
2257,Robinhood,17zuoye
2258,Robinhood,Turo
2259,Robinhood,Fanatics
2260,Robinhood,Revolut
2261,Robinhood,KeepTruckin
2262,Robinhood,Airbnb
2263,Robinhood,Apeel Sciences
2264,Robinhood,Brex
2265,Robinhood,23andMe
2266,Robinhood,Loft
2267,Robinhood,Improbable
2268,OneTrust,Vinted
2269,OneTrust,Lightricks
2270,Applied Intuition,Rappi
2271,Applied Intuition,Tanium
2272,Applied Intuition,DigitalOcean
2273,Applied Intuition,FiveTran
2274,Applied Intuition,Deliveroo
2275,Applied Intuition,Ro
2276,Applied Intuition,Circle Internet Financial
2277,Applied Intuition,Fanatics
2278,Applied Intuition,Eightfold.ai
2279,Applied Intuition,Airbnb
2280,Applied Intuition,Rapyd
2281,Applied Intuition,Apeel Sciences
2282,Applied Intuition,ClassPass
2283,Applied Intuition,Loft
2284,Applied Intuition,Improbable
2285,TELD,100credit
2286,Airwallex,Mia.com
2287,Airwallex,Rappi
2288,Airwallex,Skydance Media
2289,Airwallex,Yuanfudao
2290,Airwallex,Zhuan Zhuan
2291,Airwallex,Poizon
2292,Airwallex,Zuoyebang
2293,Airwallex,Tubatu.com
2294,Airwallex,100credit
2295,Airwallex,Kuaigou Dache
2296,Airwallex,YITU Technology
2297,Airwallex,Yijiupi
2298,Airwallex,Jiuxian
2299,Airwallex,JOLLY Information Technology
2300,Airwallex,Miaoshou Doctor
2301,Airwallex,Dxy.cn
2302,Airwallex,Voodoo
2303,Airwallex,Zhihu
2304,Airwallex,Dream11
2305,Airwallex,Canva
2306,Airwallex,Waterdrop
2307,Airwallex,17zuoye
2308,Airwallex,BYTON
2309,Airwallex,Discord
2310,Airwallex,Momenta
2311,Airwallex,Pony.ai
2312,Airwallex,Revolut
2313,Airwallex,Luoji Siwei
2314,Airwallex,Leap Motor
2315,Airwallex,Brex
2316,Airwallex,4Paradigm
2317,Airwallex,Kavak
2318,Airwallex,SoundHound
2319,HuJiang,Kuaishou
2320,HuJiang,Lianjia
2321,Procore,Bright Health
2322,Procore,ACV Auctions
2323,Procore,BigBasket
2324,Procore,Sila Nanotechnologies
2325,Procore,Toss
2326,Procore,Wildlife Studios
2327,Procore,Guild Education
2328,Procore,Auth0
2329,Procore,Starry
2330,Red Ventures,Automation Anywhere
2331,Red Ventures,Greensill
2332,Red Ventures,Gymshark
2333,Red Ventures,Klarna
2334,Red Ventures,Vox Media
2335,Red Ventures,Mu Sigma
2336,Red Ventures,Gympass
2337,Red Ventures,Seismic
2338,Red Ventures,QuintoAndar
2339,ezCater,InVision
2340,ezCater,Nextdoor
2341,ezCater,BlaBlaCar
2342,ezCater,Collibra
2343,ezCater,Calm
2344,58 Daojia,Easyhome
2345,58 Daojia,KnowBox
2346,58 Daojia,OutSystems
2347,58 Daojia,DT Dream
2348,58 Daojia,BigBasket
2349,58 Daojia,TangoMe
2350,58 Daojia,Darktrace
2351,58 Daojia,Ivalua
2352,58 Daojia,SenseTime
2353,58 Daojia,Tokopedia
2354,58 Daojia,Yiguo
2355,Automation Anywhere,Greensill
2356,Automation Anywhere,Intarcia Therapeutics
2357,Automation Anywhere,Mu Sigma
2358,Automation Anywhere,Koudai
2359,Automation Anywhere,Buzzfeed
2360,Automation Anywhere,Yiguo
2361,Automation Anywhere,Rubicon Global
2362,Automation Anywhere,Klarna
2363,Automation Anywhere,Uptake
2364,Automation Anywhere,Northvolt
2365,Automation Anywhere,Gympass
2366,Automation Anywhere,Voodoo
2367,Automation Anywhere,Seismic
2368,Automation Anywhere,SMS Assist
2369,Automation Anywhere,Gymshark
2370,Automation Anywhere,Lightricks
2371,Automation Anywhere,Vox Media
2372,Automation Anywhere,Symphony
2373,Automation Anywhere,Branch
2374,Automation Anywhere,Houzz
2375,Automation Anywhere,Bright Health
2376,Automation Anywhere,LinkDoc Technology
2377,Automation Anywhere,Omio
2378,Automation Anywhere,GPclub
2379,Automation Anywhere,23andMe
2380,Automation Anywhere,ReNew Power
2381,Automation Anywhere,QuintoAndar
2382,Carbon,Rappi
2383,Carbon,Mu Sigma
2384,Carbon,Faire
2385,Carbon,Zipline International
2386,Carbon,MUSINSA
2387,Carbon,Attentive Mobile
2388,Carbon,Klarna
2389,Carbon,Zomato
2390,Carbon,Nubank
2391,Carbon,Cohesity
2392,Carbon,Turo
2393,Carbon,Coupang
2394,Carbon,KeepTruckin
2395,Carbon,Houzz
2396,Carbon,Verkada
2397,Carbon,Kuaishou
2398,Carbon,DJI Innovations
2399,Carbon,23andMe
2400,Carbon,Confluent
2401,Carbon,Druva
2402,Carbon,Playco
2403,HeartFlow,XANT
2404,Socar,Quizlet
2405,Just,Stripe
2406,Just,Faire
2407,Just,Oscar Health
2408,Just,RigUp
2409,Just,Impossible Foods
2410,Just,Compass
2411,Just,Wish
2412,Just,Instacart
2413,Just,ThoughtSpot
2414,Just,Roivant Sciences
2415,Just,Hippo
2416,Just,Rubrik
2417,Zhihu,Skydance Media
2418,Zhihu,Yuanfudao
2419,Zhihu,Zhuan Zhuan
2420,Zhihu,Yijiupi
2421,Zhihu,Dxy.cn
2422,Zhihu,Miaoshou Doctor
2423,Zhihu,Voodoo
2424,Zhihu,Dream11
2425,Zhihu,Waterdrop
2426,Zhihu,BYTON
2427,Zhihu,Discord
2428,Zhihu,Momenta
2429,Zhihu,Luoji Siwei
2430,Zhihu,SoundHound
2431,Chainalysis,Doctolib
2432,Chainalysis,Vinted
2433,Chainalysis,Netskope
2434,Chainalysis,Circle Internet Financial
2435,Chainalysis,Scale AI
2436,Chainalysis,Celonis
2437,Canva,Didi Chuxing
2438,Canva,Mia.com
2439,Canva,FiveTran
2440,Canva,Poizon
2441,Canva,Zuoyebang
2442,Canva,Tubatu.com
2443,Canva,100credit
2444,Canva,Kuaigou Dache
2445,Canva,Miaoshou Doctor
2446,Canva,Jiuxian
2447,Canva,JOLLY Information Technology
2448,Canva,Momenta
2449,Canva,Pony.ai
2450,Canva,Luoji Siwei
2451,Canva,Leap Motor
2452,Canva,Sila Nanotechnologies
2453,Canva,4Paradigm
2454,Canva,YITU Technology
2455,Lightricks,Yiguo
2456,Lightricks,Rubicon Global
2457,Lightricks,Northvolt
2458,Lightricks,Voodoo
2459,Lightricks,SMS Assist
2460,Lightricks,Symphony
2461,Lightricks,Vinted
2462,Lightricks,GPclub
2463,Lightricks,ReNew Power
2464,Glossier,Monzo
2465,Glossier,Klarna
2466,Glossier,SoFi
2467,Glossier,Compass
2468,Glossier,Patreon
2469,Glossier,Faire
2470,Glossier,Amplitude
2471,Glossier,Eightfold.ai
2472,Celonis,Mirakl
2473,Celonis,Doctolib
2474,Celonis,Payoneer
2475,Celonis,Circle Internet Financial
2476,Celonis,Scale AI
2477,Celonis,Vinted
2478,Celonis,Netskope
2479,Celonis,Marqeta
2480,KeepTruckin,BlaBlaCar
2481,KeepTruckin,Deliveroo
2482,KeepTruckin,Zipline International
2483,KeepTruckin,Collibra
2484,KeepTruckin,Turo
2485,KeepTruckin,Aurora
2486,KeepTruckin,Scale AI
2487,KeepTruckin,Patreon
2488,KeepTruckin,Roblox
2489,KeepTruckin,23andMe
2490,KeepTruckin,Confluent
2491,KeepTruckin,Tekion
2492,Patreon,Monzo
2493,Patreon,Cybereason
2494,Patreon,BlaBlaCar
2495,Patreon,Collibra
2496,Patreon,Roblox
2497,Patreon,Aurora
2498,Patreon,Scale AI
2499,Patreon,Confluent
2500,Patreon,Compass
2501,Patreon,Tekion
2502,Patreon,Deliveroo
2503,AvidXchange,C3.ai
2504,AvidXchange,iTutorGroup
2505,AvidXchange,17zuoye
2506,AvidXchange,Impossible Foods
2507,AvidXchange,Improbable
2508,AvidXchange,VANCL
2509,AvidXchange,Tanium
2510,AvidXchange,Fanatics
2511,AvidXchange,Calm
2512,Bright Health,Intarcia Therapeutics
2513,Bright Health,Koudai
2514,Bright Health,Buzzfeed
2515,Bright Health,Uptake
2516,Bright Health,Guild Education
2517,Bright Health,ACV Auctions
2518,Bright Health,Branch
2519,Bright Health,Auth0
2520,Bright Health,Houzz
2521,Bright Health,LinkDoc Technology
2522,Bright Health,BigBasket
2523,Bright Health,Omio
2524,Bright Health,Sila Nanotechnologies
2525,Bright Health,Toss
2526,Bright Health,Wildlife Studios
2527,Bright Health,23andMe
2528,Bright Health,Starry
2529,MEGVII,Hello TransTech
2530,Roivant Sciences,Wish
2531,Roivant Sciences,Tokopedia
2532,Roivant Sciences,Compass
2533,Roivant Sciences,RigUp
2534,Vinted,Doctolib
2535,Vinted,Circle Internet Financial
2536,Vinted,Scale AI
2537,Vinted,Netskope
2538,Omio,Pendo
2539,Omio,Intarcia Therapeutics
2540,Omio,Koudai
2541,Omio,Buzzfeed
2542,Omio,Collibra
2543,Omio,Uptake
2544,Omio,Sprinklr
2545,Omio,Amplitude
2546,Omio,Branch
2547,Omio,Houzz
2548,Omio,LinkDoc Technology
2549,Omio,23andMe
2550,YITU Technology,Mia.com
2551,YITU Technology,Poizon
2552,YITU Technology,Zuoyebang
2553,YITU Technology,Tubatu.com
2554,YITU Technology,100credit
2555,YITU Technology,Kuaigou Dache
2556,YITU Technology,Miaoshou Doctor
2557,YITU Technology,Jiuxian
2558,YITU Technology,JOLLY Information Technology
2559,YITU Technology,Momenta
2560,YITU Technology,Pony.ai
2561,YITU Technology,BeiBei
2562,YITU Technology,Luoji Siwei
2563,YITU Technology,Leap Motor
2564,YITU Technology,4Paradigm
2565,SoundHound,Skydance Media
2566,SoundHound,Yuanfudao
2567,SoundHound,Zhuan Zhuan
2568,SoundHound,Yijiupi
2569,SoundHound,Dxy.cn
2570,SoundHound,Miaoshou Doctor
2571,SoundHound,Voodoo
2572,SoundHound,Dream11
2573,SoundHound,Waterdrop
2574,SoundHound,BYTON
2575,SoundHound,Discord
2576,SoundHound,Momenta
2577,SoundHound,Luoji Siwei
2578,SentinelOne,Didi Chuxing
2579,SentinelOne,InVision
2580,SentinelOne,Allbirds
2581,SentinelOne,Orca Bio
2582,SentinelOne,PAX
2583,SentinelOne,Intercom
2584,SentinelOne,Ivalua
2585,SentinelOne,Meicai
2586,SentinelOne,JUUL Labs
2587,Apus Group,iTutorGroup
2588,Apus Group,VANCL
2589,Apus Group,Guild Education
2590,Apus Group,Arctic Wolf Networks
2591,Starry,ACV Auctions
2592,Starry,Netskope
2593,Starry,BigBasket
2594,Starry,Sila Nanotechnologies
2595,Starry,Toss
2596,Starry,Wildlife Studios
2597,Starry,Guild Education
2598,Starry,Auth0
2599,Easyhome,KnowBox
2600,Easyhome,DT Dream
2601,Easyhome,BigBasket
2602,Easyhome,TangoMe
2603,Easyhome,Tokopedia
2604,Easyhome,SenseTime
2605,Easyhome,Yiguo
2606,Doctolib,Netskope
2607,Doctolib,Circle Internet Financial
2608,Doctolib,Scale AI
2609,Mu Sigma,Greensill
2610,Mu Sigma,Rappi
2611,Mu Sigma,Faire
2612,Mu Sigma,Zipline International
2613,Mu Sigma,MUSINSA
2614,Mu Sigma,Attentive Mobile
2615,Mu Sigma,Zomato
2616,Mu Sigma,Klarna
2617,Mu Sigma,Nubank
2618,Mu Sigma,Cohesity
2619,Mu Sigma,Gympass
2620,Mu Sigma,Seismic
2621,Mu Sigma,Gymshark
2622,Mu Sigma,Vox Media
2623,Mu Sigma,Coupang
2624,Mu Sigma,Houzz
2625,Mu Sigma,Verkada
2626,Mu Sigma,Kuaishou
2627,Mu Sigma,DJI Innovations
2628,Mu Sigma,Confluent
2629,Mu Sigma,Druva
2630,Mu Sigma,Playco
2631,Mu Sigma,QuintoAndar
2632,Argo AI,Northvolt
2633,RigUp,Wish
2634,RigUp,Compass
2635,MUSINSA,Rappi
2636,MUSINSA,Faire
2637,MUSINSA,Zipline International
2638,MUSINSA,Attentive Mobile
2639,MUSINSA,Zomato
2640,MUSINSA,Klarna
2641,MUSINSA,Nubank
2642,MUSINSA,Cohesity
2643,MUSINSA,Coupang
2644,MUSINSA,Houzz
2645,MUSINSA,Verkada
2646,MUSINSA,Kuaishou
2647,MUSINSA,DJI Innovations
2648,MUSINSA,Confluent
2649,MUSINSA,Druva
2650,MUSINSA,Playco
2651,Rubicon Global,SMS Assist
2652,Rubicon Global,GPclub
2653,Rubicon Global,Northvolt
2654,Rubicon Global,ReNew Power
2655,Rubicon Global,Symphony
2656,Rubicon Global,Yiguo
2657,Rubicon Global,Voodoo
2658,SouChe Holdings,Mofang Living
2659,SouChe Holdings,Gojek
2660,SouChe Holdings,Geek+
2661,SouChe Holdings,Fair
2662,Uptake,LinkDoc Technology
2663,Uptake,Intarcia Therapeutics
2664,Uptake,Koudai
2665,Uptake,23andMe
2666,Uptake,Buzzfeed
2667,Uptake,Branch
2668,Uptake,sweetgreen
2669,Uptake,Houzz
2670,Nubank,Rappi
2671,Nubank,Faire
2672,Nubank,Zipline International
2673,Nubank,Attentive Mobile
2674,Nubank,Zomato
2675,Nubank,Klarna
2676,Nubank,Cohesity
2677,Nubank,Coupang
2678,Nubank,Houzz
2679,Nubank,Verkada
2680,Nubank,Kuaishou
2681,Nubank,DJI Innovations
2682,Nubank,Confluent
2683,Nubank,Druva
2684,Nubank,Playco
2685,Nubank,QuintoAndar
2686,QuintoAndar,Greensill
2687,QuintoAndar,Klarna
2688,QuintoAndar,Nuro
2689,QuintoAndar,Cohesity
2690,QuintoAndar,Gympass
2691,QuintoAndar,Seismic
2692,QuintoAndar,Auto1 Group
2693,QuintoAndar,Gymshark
2694,QuintoAndar,Vox Media
2695,QuintoAndar,Fanatics
2696,QuintoAndar,FirstCry
2697,QuintoAndar,National Stock Exchange of India
2698,QuintoAndar,Globality
2699,QuintoAndar,Cybereason
2700,QuintoAndar,Kavak
2701,QuintoAndar,Fair
2702,QuintoAndar,Improbable
2703,Hike,Xiaohongshu
2704,Hike,Lianjia
2705,Hike,Koudai
2706,Hike,iCarbonX
2707,Meicai,Xiaohongshu
2708,Meicai,Didi Chuxing
2709,Meicai,InVision
2710,Meicai,Allbirds
2711,Meicai,PAX
2712,Meicai,Mia.com
2713,Meicai,Intercom
2714,Meicai,Ivalua
2715,Meicai,JUUL Labs
2716,Huaqin Telecom Technology,Sprinklr
2717,Huaqin Telecom Technology,OrCam Technologies
2718,Waterdrop,Skydance Media
2719,Waterdrop,SenseTime
2720,Waterdrop,Yuanfudao
2721,Waterdrop,Biren Techonology
2722,Waterdrop,Zhuan Zhuan
2723,Waterdrop,Poizon
2724,Waterdrop,Yijiupi
2725,Waterdrop,Dxy.cn
2726,Waterdrop,Miaoshou Doctor
2727,Waterdrop,Voodoo
2728,Waterdrop,FXiaoKe
2729,Waterdrop,Dream11
2730,Waterdrop,BYTON
2731,Waterdrop,Discord
2732,Waterdrop,Momenta
2733,Waterdrop,Pony.ai
2734,Waterdrop,Maimai
2735,Waterdrop,Zhubajie
2736,Waterdrop,Luoji Siwei
2737,Waterdrop,Zhaogang
2738,Waterdrop,Nuro
2739,Waterdrop,Liquid
2740,ACV Auctions,BigBasket
2741,ACV Auctions,Sila Nanotechnologies
2742,ACV Auctions,Toss
2743,ACV Auctions,Wildlife Studios
2744,ACV Auctions,Guild Education
2745,ACV Auctions,Auth0
2746,GOAT,Apeel Sciences
2747,BYTON,Skydance Media
2748,BYTON,Yuanfudao
2749,BYTON,Zhuan Zhuan
2750,BYTON,Yijiupi
2751,BYTON,Dxy.cn
2752,BYTON,Miaoshou Doctor
2753,BYTON,Voodoo
2754,BYTON,Dream11
2755,BYTON,Discord
2756,BYTON,Momenta
2757,BYTON,Luoji Siwei
2758,Wish,Xiaohongshu
2759,Wish,Auto1 Group
2760,Wish,Zuoyebang
2761,Wish,TuJia
2762,Wish,Hello TransTech
2763,Wish,Compass
2764,Scale AI,BlaBlaCar
2765,Scale AI,Deliveroo
2766,Scale AI,Collibra
2767,Scale AI,Circle Internet Financial
2768,Scale AI,Aurora
2769,Scale AI,Netskope
2770,Scale AI,Roblox
2771,Scale AI,Rippling
2772,Scale AI,Confluent
2773,Scale AI,Convoy
2774,Scale AI,Coinbase
2775,Scale AI,Tekion
2776,Branch,LinkDoc Technology
2777,Branch,Intarcia Therapeutics
2778,Branch,Koudai
2779,Branch,23andMe
2780,Branch,Buzzfeed
2781,Branch,Houzz
2782,ThoughtSpot,Stripe
2783,ThoughtSpot,Faire
2784,ThoughtSpot,Oscar Health
2785,ThoughtSpot,Impossible Foods
2786,ThoughtSpot,Seismic
2787,ThoughtSpot,Arctic Wolf Networks
2788,ThoughtSpot,Aurora
2789,ThoughtSpot,Instacart
2790,ThoughtSpot,Docker
2791,ThoughtSpot,Blend
2792,ThoughtSpot,Orca Bio
2793,ThoughtSpot,Netskope
2794,ThoughtSpot,Rubrik
2795,Zhubajie,Biren Techonology
2796,Zhubajie,SenseTime
2797,Zhubajie,Pony.ai
2798,Zhubajie,Maimai
2799,Zhubajie,FXiaoKe
2800,Zhubajie,Zhaogang
2801,Zhubajie,Yuanfudao
2802,Zhubajie,Liquid
2803,Intercom,Dataiku
2804,Intercom,Didi Chuxing
2805,Intercom,InVision
2806,Intercom,Allbirds
2807,Intercom,PAX
2808,Intercom,Ivalua
2809,Intercom,JUUL Labs
2810,iCarbonX,Xiaohongshu
2811,iCarbonX,Lianjia
2812,iCarbonX,Koudai
2813,Marqeta,Mirakl
2814,Marqeta,Payoneer
2815,Quizlet,Coinbase
2816,Fair,Greensill
2817,Fair,Cohesity
2818,Fair,Gympass
2819,Fair,Auto1 Group
2820,Fair,Fanatics
2821,Fair,FirstCry
2822,Fair,National Stock Exchange of India
2823,Fair,Globality
2824,Fair,Cybereason
2825,Fair,Improbable
2826,Fair,Kavak
2827,Fair,Nuro
2828,Playco,Rappi
2829,Playco,Faire
2830,Playco,Zipline International
2831,Playco,Attentive Mobile
2832,Playco,Zomato
2833,Playco,Klarna
2834,Playco,Cohesity
2835,Playco,Coupang
2836,Playco,Houzz
2837,Playco,Verkada
2838,Playco,Kuaishou
2839,Playco,DJI Innovations
2840,Playco,Confluent
2841,Playco,Druva
2842,Tekion,Thrasio
2843,Tekion,BlaBlaCar
2844,Tekion,Collibra
2845,Tekion,Roblox
2846,Tekion,Aurora
2847,Tekion,Confluent
2848,Tekion,LifeMiles
2849,Tekion,Deliveroo
2850,Avant,Buzzfeed
2851,Avant,Turo
2852,Liquid,Biren Techonology
2853,Liquid,SenseTime
2854,Liquid,Pony.ai
2855,Liquid,Maimai
2856,Liquid,FXiaoKe
2857,Liquid,Zhaogang
2858,Liquid,Yuanfudao
2859,Pendo,Collibra
2860,Pendo,Sprinklr
2861,Pendo,Amplitude
2862,InVision,Didi Chuxing
2863,InVision,Allbirds
2864,InVision,Ivalua
2865,InVision,Dataiku
2866,InVision,Collibra
2867,InVision,JUUL Labs
2868,InVision,PAX
2869,Intarcia Therapeutics,LinkDoc Technology
2870,Intarcia Therapeutics,Koudai
2871,Intarcia Therapeutics,23andMe
2872,Intarcia Therapeutics,Buzzfeed
2873,Intarcia Therapeutics,Houzz
2874,Lalamove,Zuoyebang
2875,Lalamove,Cgtz
2876,Lalamove,GalaxySpace
2877,Figure Technologies,Brex
2878,Figure Technologies,SoFi
2879,Figure Technologies,Revolut
2880,Figure Technologies,Pony.ai
2881,Figure Technologies,Next Insurance
2882,Figure Technologies,Maimai
2883,Figure Technologies,Dxy.cn
2884,Figure Technologies,FXiaoKe
2885,Yiguo,DT Dream
2886,Yiguo,Tokopedia
2887,Yiguo,Ivalua
2888,Yiguo,SenseTime
2889,Yiguo,KnowBox
2890,Yiguo,Northvolt
2891,Yiguo,Voodoo
2892,Yiguo,SMS Assist
2893,Yiguo,Symphony
2894,Yiguo,OutSystems
2895,Yiguo,BigBasket
2896,Yiguo,TangoMe
2897,Yiguo,Darktrace
2898,Yiguo,GPclub
2899,Yiguo,ReNew Power
2900,FiveTran,Didi Chuxing
2901,FiveTran,Rappi
2902,FiveTran,Tanium
2903,FiveTran,DigitalOcean
2904,FiveTran,Deliveroo
2905,FiveTran,Ro
2906,FiveTran,Circle Internet Financial
2907,FiveTran,Fanatics
2908,FiveTran,Eightfold.ai
2909,FiveTran,Airbnb
2910,FiveTran,Rapyd
2911,FiveTran,Apeel Sciences
2912,FiveTran,ClassPass
2913,FiveTran,Sila Nanotechnologies
2914,FiveTran,Loft
2915,FiveTran,Improbable
2916,Tubatu.com,Mia.com
2917,Tubatu.com,FlashEx
2918,Tubatu.com,Zhuan Zhuan
2919,Tubatu.com,Poizon
2920,Tubatu.com,Zuoyebang
2921,Tubatu.com,100credit
2922,Tubatu.com,Kuaigou Dache
2923,Tubatu.com,Miaoshou Doctor
2924,Tubatu.com,Jiuxian
2925,Tubatu.com,JOLLY Information Technology
2926,Tubatu.com,Momenta
2927,Tubatu.com,Pony.ai
2928,Tubatu.com,Luoji Siwei
2929,Tubatu.com,Leap Motor
2930,Tubatu.com,4Paradigm
2931,Tubatu.com,Zhaogang
2932,FXiaoKe,SoFi
2933,FXiaoKe,SenseTime
2934,FXiaoKe,Yuanfudao
2935,FXiaoKe,Biren Techonology
2936,FXiaoKe,Dxy.cn
2937,FXiaoKe,Pony.ai
2938,FXiaoKe,Maimai
2939,FXiaoKe,Zhaogang
2940,Miaoshou Doctor,Mia.com
2941,Miaoshou Doctor,Skydance Media
2942,Miaoshou Doctor,Yuanfudao
2943,Miaoshou Doctor,Zhuan Zhuan
2944,Miaoshou Doctor,Poizon
2945,Miaoshou Doctor,Zuoyebang
2946,Miaoshou Doctor,100credit
2947,Miaoshou Doctor,Kuaigou Dache
2948,Miaoshou Doctor,Yijiupi
2949,Miaoshou Doctor,Dxy.cn
2950,Miaoshou Doctor,Jiuxian
2951,Miaoshou Doctor,JOLLY Information Technology
2952,Miaoshou Doctor,Voodoo
2953,Miaoshou Doctor,Dream11
2954,Miaoshou Doctor,Discord
2955,Miaoshou Doctor,Momenta
2956,Miaoshou Doctor,Pony.ai
2957,Miaoshou Doctor,Luoji Siwei
2958,Miaoshou Doctor,Leap Motor
2959,Miaoshou Doctor,4Paradigm
2960,Calm,C3.ai
2961,Calm,Nextdoor
2962,Calm,BlaBlaCar
2963,Calm,Tanium
2964,Voodoo,Skydance Media
2965,Voodoo,Yuanfudao
2966,Voodoo,Zhuan Zhuan
2967,Voodoo,Northvolt
2968,Voodoo,Yijiupi
2969,Voodoo,Dxy.cn
2970,Voodoo,SMS Assist
2971,Voodoo,Dream11
2972,Voodoo,Discord
2973,Voodoo,Momenta
2974,Voodoo,Symphony
2975,Voodoo,Luoji Siwei
2976,Voodoo,GPclub
2977,Voodoo,ReNew Power
2978,Compass,Monzo
2979,Compass,Coupang
2980,Payoneer,Mirakl
2981,Indigo Ag,Zipline International
2982,Cgtz,GalaxySpace
2983,TuJia,Xiaohongshu
2984,TuJia,Zuoyebang
2985,TuJia,Hello TransTech
2986,Discord,Skydance Media
2987,Discord,Yuanfudao
2988,Discord,Sonder
2989,Discord,Zhuan Zhuan
2990,Discord,Yijiupi
2991,Discord,Dxy.cn
2992,Discord,Dream11
2993,Discord,Aurora
2994,Discord,Momenta
2995,Discord,Amplitude
2996,Discord,Docker
2997,Discord,Luoji Siwei
2998,Discord,Blend
2999,Discord,Lyra Health
3000,Discord,Wildlife Studios
3001,Discord,Confluent
3002,Discord,Convoy
3003,Discord,Rubrik
3004,Discord,Nuro
3005,Zume,Ro
3006,Zume,Alto Pharmacy
3007,Global Switch,Mofang Living
3008,Global Switch,AIWAYS
3009,Pony.ai,Mia.com
3010,Pony.ai,SoFi
3011,Pony.ai,SenseTime
3012,Pony.ai,Yuanfudao
3013,Pony.ai,Biren Techonology
3014,Pony.ai,Poizon
3015,Pony.ai,Zuoyebang
3016,Pony.ai,100credit
3017,Pony.ai,Kuaigou Dache
3018,Pony.ai,Jiuxian
3019,Pony.ai,JOLLY Information Technology
3020,Pony.ai,Dxy.cn
3021,Pony.ai,Momenta
3022,Pony.ai,Maimai
3023,Pony.ai,Luoji Siwei
3024,Pony.ai,Leap Motor
3025,Pony.ai,4Paradigm
3026,Pony.ai,Zhaogang
3027,Geek+,Mofang Living
3028,Geek+,Gojek
3029,Airbnb,Rappi
3030,Airbnb,Tanium
3031,Airbnb,DigitalOcean
3032,Airbnb,Fanatics
3033,Airbnb,Apeel Sciences
3034,Airbnb,Loft
3035,Airbnb,Improbable
3036,Mofang Living,Gojek
3037,LinkDoc Technology,Koudai
3038,LinkDoc Technology,23andMe
3039,LinkDoc Technology,Buzzfeed
3040,LinkDoc Technology,Houzz
3041,Formlabs,AppsFlyer
3042,Formlabs,AppDirect
3043,Roblox,Verkada
3044,Roblox,BlaBlaCar
3045,Roblox,Collibra
3046,Roblox,Aurora
3047,Roblox,Confluent
3048,Roblox,Deliveroo
3049,Toss,InMobi
3050,Toss,Guild Education
3051,Toss,Instacart
3052,Toss,Auth0
3053,Toss,BigBasket
3054,Toss,TangoMe
3055,Toss,XANT
3056,Toss,Sila Nanotechnologies
3057,Toss,Wildlife Studios
3058,Toss,Rippling
3059,Toss,Qumulo
3060,Convoy,Stripe
3061,Convoy,Unqork
3062,Convoy,Dataiku
3063,Convoy,Sonder
3064,Convoy,Aurora
3065,Convoy,Docker
3066,Convoy,Blend
3067,Convoy,Lyra Health
3068,Convoy,Rippling
3069,Convoy,Coinbase
3070,Convoy,Rubrik
3071,Convoy,Nuro
3072,Zhaogang,Mia.com
3073,Zhaogang,FlashEx
3074,Zhaogang,SenseTime
3075,Zhaogang,Yuanfudao
3076,Zhaogang,Biren Techonology
3077,Zhaogang,Maimai
3078,Xiaohongshu,Mia.com
3079,Xiaohongshu,Lianjia
3080,Xiaohongshu,Zuoyebang
3081,Xiaohongshu,Koudai
3082,Xiaohongshu,Hello TransTech
3083,Greensill,Klarna
3084,Greensill,Cohesity
3085,Greensill,Gympass
3086,Greensill,Seismic
3087,Greensill,Auto1 Group
3088,Greensill,Gymshark
3089,Greensill,Vox Media
3090,Greensill,Fanatics
3091,Greensill,FirstCry
3092,Greensill,National Stock Exchange of India
3093,Greensill,Globality
3094,Greensill,Cybereason
3095,Greensill,Improbable
3096,Greensill,Kavak
3097,Greensill,Nuro
3098,Thrasio,LifeMiles
3099,Rappi,Tanium
3100,Rappi,DigitalOcean
3101,Rappi,Faire
3102,Rappi,Zipline International
3103,Rappi,Poizon
3104,Rappi,Attentive Mobile
3105,Rappi,Klarna
3106,Rappi,Zomato
3107,Rappi,Cohesity
3108,Rappi,17zuoye
3109,Rappi,Fanatics
3110,Rappi,Loft
3111,Rappi,Revolut
3112,Rappi,Coupang
3113,Rappi,Houzz
3114,Rappi,Verkada
3115,Rappi,Kuaishou
3116,Rappi,DJI Innovations
3117,Rappi,Apeel Sciences
3118,Rappi,Brex
3119,Rappi,Confluent
3120,Rappi,Druva
3121,Rappi,Kavak
3122,Rappi,Improbable
3123,Impossible Foods,Stripe
3124,Impossible Foods,Faire
3125,Impossible Foods,Oscar Health
3126,Impossible Foods,iTutorGroup
3127,Impossible Foods,17zuoye
3128,Impossible Foods,VANCL
3129,Impossible Foods,Fanatics
3130,Impossible Foods,Instacart
3131,Impossible Foods,Hippo
3132,Impossible Foods,Rubrik
3133,Impossible Foods,Improbable
3134,Northvolt,SMS Assist
3135,Northvolt,GPclub
3136,Northvolt,ReNew Power
3137,Northvolt,Symphony
3138,100credit,Mia.com
3139,100credit,Poizon
3140,100credit,Zuoyebang
3141,100credit,Kuaigou Dache
3142,100credit,Jiuxian
3143,100credit,JOLLY Information Technology
3144,100credit,Horizon Robotics
3145,100credit,Momenta
3146,100credit,Luoji Siwei
3147,100credit,Leap Motor
3148,100credit,4Paradigm
3149,Turo,Zipline International
3150,Turo,23andMe
3151,Vox Media,BlaBlaCar
3152,Vox Media,Deliveroo
3153,Vox Media,Klarna
3154,Vox Media,Gympass
3155,Vox Media,Seismic
3156,Vox Media,Gymshark
3157,Vox Media,Houzz
3158,Vox Media,DJI Innovations
3159,Vox Media,Hippo
3160,Instacart,Stripe
3161,Instacart,Faire
3162,Instacart,Oscar Health
3163,Instacart,InMobi
3164,Instacart,XANT
3165,Instacart,Rippling
3166,Instacart,Qumulo
3167,Instacart,Rubrik
3168,Luoji Siwei,Mia.com
3169,Luoji Siwei,Skydance Media
3170,Luoji Siwei,Yuanfudao
3171,Luoji Siwei,Zhuan Zhuan
3172,Luoji Siwei,Poizon
3173,Luoji Siwei,Zuoyebang
3174,Luoji Siwei,Kuaigou Dache
3175,Luoji Siwei,Yijiupi
3176,Luoji Siwei,Jiuxian
3177,Luoji Siwei,JOLLY Information Technology
3178,Luoji Siwei,Dxy.cn
3179,Luoji Siwei,Dream11
3180,Luoji Siwei,Momenta
3181,Luoji Siwei,Leap Motor
3182,Luoji Siwei,4Paradigm
3183,Blend,Sonder
3184,Blend,Seismic
3185,Blend,Arctic Wolf Networks
3186,Blend,Aurora
3187,Blend,Docker
3188,Blend,Orca Bio
3189,Blend,Netskope
3190,Blend,Lyra Health
3191,Blend,Rubrik
3192,Blend,Nuro
3193,Leap Motor,Mia.com
3194,Leap Motor,Poizon
3195,Leap Motor,Zuoyebang
3196,Leap Motor,Kuaigou Dache
3197,Leap Motor,Jiuxian
3198,Leap Motor,JOLLY Information Technology
3199,Leap Motor,Momenta
3200,Leap Motor,4Paradigm
3201,Netskope,Seismic
3202,Netskope,Arctic Wolf Networks
3203,Netskope,Circle Internet Financial
3204,Netskope,Aurora
3205,Netskope,Docker
3206,Netskope,Orca Bio
3207,Netskope,Rubrik
3208,Lyra Health,Sonder
3209,Lyra Health,Aurora
3210,Lyra Health,Docker
3211,Lyra Health,Rubrik
3212,Lyra Health,Nuro
3213,Meero,Dataiku
3214,ironSource,DigitalOcean
3215,ironSource,Deezer
3216,4Paradigm,Mia.com
3217,4Paradigm,Poizon
3218,4Paradigm,Zuoyebang
3219,4Paradigm,Kuaigou Dache
3220,4Paradigm,Jiuxian
3221,4Paradigm,JOLLY Information Technology
3222,4Paradigm,Momenta
3223,Druva,Faire
3224,Druva,Zipline International
3225,Druva,Attentive Mobile
3226,Druva,Zomato
3227,Druva,Klarna
3228,Druva,Cohesity
3229,Druva,Coupang
3230,Druva,Houzz
3231,Druva,Verkada
3232,Druva,Kuaishou
3233,Druva,DJI Innovations
3234,Druva,Confluent
3235,Alto Pharmacy,Brex
3236,Alto Pharmacy,Seismic
3237,Didi Chuxing,Allbirds
3238,Didi Chuxing,Ivalua
3239,Didi Chuxing,InMobi
3240,Didi Chuxing,JUUL Labs
3241,Didi Chuxing,PAX
3242,Didi Chuxing,Sila Nanotechnologies
3243,Allbirds,Trumid
3244,Allbirds,PAX
3245,Allbirds,Ivalua
3246,Allbirds,JUUL Labs
3247,VTS,Auth0
3248,Dave,Swiggy
3249,Dave,Buzzfeed
3250,Dave,Knotel
3251,Yuanfudao,Skydance Media
3252,Yuanfudao,SenseTime
3253,Yuanfudao,Biren Techonology
3254,Yuanfudao,Zhuan Zhuan
3255,Yuanfudao,Yijiupi
3256,Yuanfudao,Dxy.cn
3257,Yuanfudao,Dream11
3258,Yuanfudao,Momenta
3259,Yuanfudao,Maimai
3260,Dataiku,Stripe
3261,Dataiku,Unqork
3262,Biren Techonology,SenseTime
3263,Biren Techonology,Maimai
3264,InMobi,XANT
3265,InMobi,Rippling
3266,InMobi,Qumulo
3267,Seismic,Klarna
3268,Seismic,Gympass
3269,Seismic,Arctic Wolf Networks
3270,Seismic,Gymshark
3271,Seismic,Aurora
3272,Seismic,Docker
3273,Seismic,Orca Bio
3274,Seismic,Rubrik
3275,Dream11,Skydance Media
3276,Dream11,Zhuan Zhuan
3277,Dream11,Yijiupi
3278,Dream11,Dxy.cn
3279,Dream11,Momenta
3280,Circle Internet Financial,Deliveroo
3281,Circle Internet Financial,Ro
3282,Circle Internet Financial,Eightfold.ai
3283,Circle Internet Financial,Rapyd
3284,Circle Internet Financial,ClassPass
3285,VANCL,iTutorGroup
3286,VANCL,17zuoye
3287,VANCL,Improbable
3288,VANCL,Fanatics
3289,Momenta,Mia.com
3290,Momenta,Skydance Media
3291,Momenta,Zhuan Zhuan
3292,Momenta,Poizon
3293,Momenta,Zuoyebang
3294,Momenta,Kuaigou Dache
3295,Momenta,Yijiupi
3296,Momenta,Dxy.cn
3297,Momenta,Jiuxian
3298,Momenta,JOLLY Information Technology
3299,Coupang,Faire
3300,Coupang,Zipline International
3301,Coupang,Attentive Mobile
3302,Coupang,Zomato
3303,Coupang,Klarna
3304,Coupang,Cohesity
3305,Coupang,Houzz
3306,Coupang,Verkada
3307,Coupang,Kuaishou
3308,Coupang,DJI Innovations
3309,Coupang,Confluent
3310,Houzz,Koudai
3311,Houzz,Buzzfeed
3312,Houzz,Faire
3313,Houzz,Zipline International
3314,Houzz,Attentive Mobile
3315,Houzz,Zomato
3316,Houzz,Klarna
3317,Houzz,Cohesity
3318,Houzz,Kuaishou
3319,Houzz,DJI Innovations
3320,Houzz,Verkada
3321,Houzz,23andMe
3322,Houzz,Confluent
3323,Houzz,Hippo
3324,National Stock Exchange of India,Cohesity
3325,National Stock Exchange of India,Gympass
3326,National Stock Exchange of India,Auto1 Group
3327,National Stock Exchange of India,Fanatics
3328,National Stock Exchange of India,FirstCry
3329,National Stock Exchange of India,Globality
3330,National Stock Exchange of India,Cybereason
3331,National Stock Exchange of India,Improbable
3332,National Stock Exchange of India,Kavak
3333,National Stock Exchange of India,Nuro
3334,Riskified,AppsFlyer
3335,C3.ai,Tanium
3336,OutSystems,Darktrace
3337,OutSystems,Ivalua
3338,BigBasket,DT Dream
3339,BigBasket,Tokopedia
3340,BigBasket,SenseTime
3341,BigBasket,KnowBox
3342,BigBasket,Guild Education
3343,BigBasket,Auth0
3344,BigBasket,TangoMe
3345,BigBasket,Sila Nanotechnologies
3346,BigBasket,Wildlife Studios
3347,Kavak,Poizon
3348,Kavak,Nuro
3349,Kavak,Cohesity
3350,Kavak,Gympass
3351,Kavak,17zuoye
3352,Kavak,Auto1 Group
3353,Kavak,Fanatics
3354,Kavak,FirstCry
3355,Kavak,Revolut
3356,Kavak,Globality
3357,Kavak,Brex
3358,Kavak,Cybereason
3359,Kavak,Improbable
3360,Tokopedia,KnowBox
3361,Tokopedia,DT Dream
3362,Tokopedia,TangoMe
3363,Tokopedia,Gojek
3364,Tokopedia,SenseTime
3365,Ivalua,JUUL Labs
3366,Ivalua,PAX
3367,Ivalua,Darktrace
3368,Tanium,DigitalOcean
3369,Tanium,Fanatics
3370,Tanium,Apeel Sciences
3371,Tanium,Loft
3372,Tanium,Improbable
3373,DigitalOcean,Fanatics
3374,DigitalOcean,Deezer
3375,DigitalOcean,Apeel Sciences
3376,DigitalOcean,Loft
3377,DigitalOcean,Improbable
3378,Buzzfeed,Koudai
3379,Buzzfeed,23andMe
3380,Hello TransTech,Zuoyebang
3381,Deliveroo,BlaBlaCar
3382,Deliveroo,Collibra
3383,Deliveroo,Ro
3384,Deliveroo,Aurora
3385,Deliveroo,Eightfold.ai
3386,Deliveroo,Rapyd
3387,Deliveroo,DJI Innovations
3388,Deliveroo,ClassPass
3389,Deliveroo,Confluent
3390,Poizon,Mia.com
3391,Poizon,Zuoyebang
3392,Poizon,Kuaigou Dache
3393,Poizon,Jiuxian
3394,Poizon,JOLLY Information Technology
3395,Poizon,17zuoye
3396,Poizon,Revolut
3397,Poizon,Brex
3398,Poizon,Nuro
3399,Klarna,SoFi
3400,Klarna,Faire
3401,Klarna,Zipline International
3402,Klarna,Attentive Mobile
3403,Klarna,Zomato
3404,Klarna,Cohesity
3405,Klarna,Gympass
3406,Klarna,Gymshark
3407,Klarna,Amplitude
3408,Klarna,Eightfold.ai
3409,Klarna,Verkada
3410,Klarna,Kuaishou
3411,Klarna,DJI Innovations
3412,Klarna,Confluent
3413,Cohesity,Faire
3414,Cohesity,Zipline International
3415,Cohesity,Attentive Mobile
3416,Cohesity,Zomato
3417,Cohesity,Gympass
3418,Cohesity,Auto1 Group
3419,Cohesity,Fanatics
3420,Cohesity,FirstCry
3421,Cohesity,Verkada
3422,Cohesity,Kuaishou
3423,Cohesity,DJI Innovations
3424,Cohesity,Globality
3425,Cohesity,Cybereason
3426,Cohesity,Improbable
3427,Cohesity,Confluent
3428,Cohesity,Nuro
3429,Kuaigou Dache,Mia.com
3430,Kuaigou Dache,Zuoyebang
3431,Kuaigou Dache,Jiuxian
3432,Kuaigou Dache,JOLLY Information Technology
3433,OrCam Technologies,Sprinklr
3434,Dxy.cn,Skydance Media
3435,Dxy.cn,SoFi
3436,Dxy.cn,Zhuan Zhuan
3437,Dxy.cn,Yijiupi
3438,Dxy.cn,Maimai
3439,Jiuxian,Mia.com
3440,Jiuxian,Zuoyebang
3441,Jiuxian,JOLLY Information Technology
3442,Arctic Wolf Networks,Orca Bio
3443,Arctic Wolf Networks,Aurora
3444,Arctic Wolf Networks,Guild Education
3445,Arctic Wolf Networks,Docker
3446,Arctic Wolf Networks,Rubrik
3447,Fanatics,Gympass
3448,Fanatics,iTutorGroup
3449,Fanatics,Auto1 Group
3450,Fanatics,17zuoye
3451,Fanatics,Loft
3452,Fanatics,FirstCry
3453,Fanatics,Apeel Sciences
3454,Fanatics,Globality
3455,Fanatics,Cybereason
3456,Fanatics,Improbable
3457,Fanatics,Nuro
3458,Symphony,SMS Assist
3459,Symphony,GPclub
3460,Symphony,ReNew Power
3461,Amplitude,SoFi
3462,Amplitude,Collibra
3463,Amplitude,Sprinklr
3464,Amplitude,Eightfold.ai
3465,Amplitude,Wildlife Studios
3466,Amplitude,Confluent
3467,FirstCry,Gympass
3468,FirstCry,Auto1 Group
3469,FirstCry,Globality
3470,FirstCry,Cybereason
3471,FirstCry,Improbable
3472,FirstCry,Nuro
3473,Apeel Sciences,PAX
3474,Apeel Sciences,Loft
3475,Apeel Sciences,Improbable
3476,PAX,JUUL Labs
3477,Brex,17zuoye
3478,Brex,Revolut
3479,Brex,Next Insurance
3480,TangoMe,KnowBox
3481,TangoMe,DT Dream
3482,TangoMe,SenseTime
3483,GPclub,SMS Assist
3484,GPclub,ReNew Power
3485,Rippling,Ro
3486,Rippling,XANT
3487,Rippling,Coinbase
3488,Rippling,Qumulo
3489,Confluent,BlaBlaCar
3490,Confluent,Faire
3491,Confluent,Zipline International
3492,Confluent,Attentive Mobile
3493,Confluent,Zomato
3494,Confluent,Collibra
3495,Confluent,Aurora
3496,Confluent,Verkada
3497,Confluent,Kuaishou
3498,Confluent,DJI Innovations
3499,Confluent,Wildlife Studios
3500,Rubrik,Stripe
3501,Rubrik,Faire
3502,Rubrik,Oscar Health
3503,Rubrik,Sonder
3504,Rubrik,Aurora
3505,Rubrik,Docker
3506,Rubrik,Orca Bio
3507,Rubrik,Nuro
3508,Mia.com,Zuoyebang
3509,Mia.com,JOLLY Information Technology
3510,BlaBlaCar,Nextdoor
3511,BlaBlaCar,Collibra
3512,BlaBlaCar,Aurora
3513,BlaBlaCar,DJI Innovations
3514,SoFi,Maimai
3515,SoFi,Eightfold.ai
3516,SmartNews,Gympass
3517,Unqork,Stripe
3518,Unqork,Sema4
3519,Zhuan Zhuan,Skydance Media
3520,Zhuan Zhuan,Yijiupi
3521,Attentive Mobile,Faire
3522,Attentive Mobile,Zipline International
3523,Attentive Mobile,Zomato
3524,Attentive Mobile,Verkada
3525,Attentive Mobile,Kuaishou
3526,Attentive Mobile,DJI Innovations
3527,Zuoyebang,JOLLY Information Technology
3528,SMS Assist,ReNew Power
3529,Auto1 Group,Gympass
3530,Auto1 Group,Globality
3531,Auto1 Group,Cybereason
3532,Auto1 Group,Improbable
3533,Auto1 Group,Nuro
3534,Lianjia,Kuaishou
3535,Lianjia,Koudai
3536,Aurora,Sonder
3537,Aurora,Collibra
3538,Aurora,Docker
3539,Aurora,Orca Bio
3540,Aurora,Nuro
3541,GalaxySpace,JOLLY Information Technology
3542,Horizon Robotics,Kuaishou
3543,Horizon Robotics,Maimai
3544,Eightfold.ai,Rapyd
3545,Eightfold.ai,ClassPass
3546,Eightfold.ai,Ro
3547,Deezer,Monzo
3548,Verkada,Faire
3549,Verkada,Zipline International
3550,Verkada,Zomato
3551,Verkada,Kuaishou
3552,Verkada,DJI Innovations
3553,Rapyd,ClassPass
3554,Rapyd,Ro
3555,Yimidida,Yijiupi
3556,Globality,Gympass
3557,Globality,Cybereason
3558,Globality,Improbable
3559,Globality,Nuro
3560,Swiggy,Knotel
3561,XANT,Qumulo
3562,23andMe,Koudai
3563,23andMe,Zipline International
3564,Stripe,Faire
3565,Stripe,Oscar Health
3566,SenseTime,DT Dream
3567,SenseTime,KnowBox
3568,SenseTime,Maimai
3569,Zipline International,Faire
3570,Zipline International,Zomato
3571,Zipline International,Kuaishou
3572,Zipline International,DJI Innovations
3573,KnowBox,DT Dream
3574,Collibra,Sprinklr
3575,Guild Education,Sila Nanotechnologies
3576,Guild Education,Auth0
3577,Guild Education,Wildlife Studios
3578,iTutorGroup,17zuoye
3579,iTutorGroup,Improbable
3580,Maimai,Kuaishou
3581,Docker,Sonder
3582,Docker,Orca Bio
3583,Docker,Nuro
3584,Auth0,Sila Nanotechnologies
3585,Auth0,Wildlife Studios
3586,Kuaishou,Faire
3587,Kuaishou,Zomato
3588,Kuaishou,DJI Innovations
3589,DJI Innovations,Faire
3590,DJI Innovations,Zomato
3591,Wildlife Studios,Sila Nanotechnologies
3592,Improbable,Gympass
3593,Improbable,17zuoye
3594,Improbable,Cybereason
3595,Improbable,Loft
3596,Improbable,Nuro
3597,Skydance Media,Yijiupi
3598,Faire,Oscar Health
3599,Faire,Zomato
3600,Sonder,Cybereason
3601,Sonder,Nuro
3602,Gympass,Nuro
3603,Gympass,Gymshark
3604,Gympass,Cybereason
3605,Next Insurance,Revolut
3606,Next Insurance,Tipalti
3607,Ro,ClassPass
3608,17zuoye,Revolut
3609,Cybereason,Nuro
